eia_id,phmsa_id,phmsa_stop,state,year,operator,eia_name,phmsa_name,ownership,match_status,phmsa_report_role,n_phmsa_reports,combined_report,on_map,territory_name,fid,Residential Sales [VL],Residential Sales [CS],Residential Sales [CT],Commercial Sales [VL],Commercial Sales [CS],Commercial Sales [CT],Total Supply [VL],Total Disposition [VL],Losses from Leaks [VL],MMILES_TOTAL,NUM_SRVCS_TOTAL,MMILES_STEEL_UNP_BARE,MMILES_STEEL_UNP_COATED,MMILES_STEEL_CP_BARE,MMILES_STEEL_CP_COATED,MMILES_PLASTIC,MMILES_CI,MMILES_CI_WR_TOTAL,MMILES_RCI,MMILES_DI,MMILES_CU,MMILES_OTHER,MMILES_PE_TOTAL,MMILES_ABS_TOTAL,MMILES_OTH_PLSTC_TOTAL,NUM_SRVS_STEEL_UNP_BARE,NUM_SRVS_STEEL_UNP_COATED,NUM_SRVS_STEEL_CP_BARE,NUM_SRVS_STEEL_CP_COATED,NUM_SRVS_PLASTIC,NUM_SRVS_CI,NUM_SRVS_CI_WR_TOTAL,NUM_SRVS_RCI,NUM_SRVS_DI,NUM_SRVS_CU,NUM_SRVS_OTHER,MMILES_BY_DCD_UNK,MMILES_BY_DCD_PRE1940,MMILES_BY_DCD_1940_TO_1949,MMILES_BY_DCD_1950_TO_1959,MMILES_BY_DCD_1960_TO_1969,MMILES_BY_DCD_1970_TO_1979,MMILES_BY_DCD_1980_TO_1989,MMILES_BY_DCD_1990_TO_1999,MMILES_BY_DCD_2000_TO_2009,MMILES_BY_DCD_2010_TO_2019,MMILES_BY_DCD_2020_TO_2029,MMILES_BY_DCD_TOTAL,NUM_SRVS_BY_DCD_UNK,NUM_SRVS_BY_DCD_PRE1940,NUM_SRVS_BY_DCD_1940_TO_1949,NUM_SRVS_BY_DCD_1950_TO_1959,NUM_SRVS_BY_DCD_1960_TO_1969,NUM_SRVS_BY_DCD_1970_TO_1979,NUM_SRVS_BY_DCD_1980_TO_1989,NUM_SRVS_BY_DCD_1990_TO_1999,NUM_SRVS_BY_DCD_2000_TO_2009,NUM_SRVS_BY_DCD_2010_TO_2019,NUM_SRVS_BY_DCD_2020_TO_2029,NUM_SRVS_BY_DCD_TOTAL,PARTDTOTDAMAGES,PARTDTOTTICKETS,PERCENT_UNACC_GAS
17699933NH,,,NH,2003,ADJUSTMENT COMPANY,ADJUSTMENT COMPANY,,,eia_only,,,,no,,,,,,,,,37539082.0,37539082.0,,,,,,,,,,,,,,,,,,,,,,,,,,,,,,,,,,,,,,,,,,,,,,,,,,,,,,,
17699933NH,,,NH,2006,ADJUSTMENT COMPANY,ADJUSTMENT COMPANY,,,eia_only,,,,no,,,,,,,,,1.0,1.0,,,,,,,,,,,,,,,,,,,,,,,,,,,,,,,,,,,,,,,,,,,,,,,,,,,,,,,
17699933NH,,,NH,2007,ADJUSTMENT COMPANY,ADJUSTMENT COMPANY,,,eia_only,,,,no,,,,,,,,,20000000.0,20000000.0,,,,,,,,,,,,,,,,,,,,,,,,,,,,,,,,,,,,,,,,,,,,,,,,,,,,,,,
17699933NH,,,NH,2008,ADJUSTMENT COMPANY,ADJUSTMENT COMPANY,,,eia_only,,,,no,,,,,,,,,64000.0,64000.0,,,,,,,,,,,,,,,,,,,,,,,,,,,,,,,,,,,,,,,,,,,,,,,,,,,,,,,
,32013,NH,NH,2007,AMERIGAS,,AMERIGAS,nan,phmsa_only,primary,1,no,no,,,,,,,,,,,,0.25,111.0,0.0,0.25,0.0,0.0,0.0,0.0,0.0,,0.0,0.0,0.0,0.0,0.0,0.0,0.0,111.0,0.0,0.0,0.0,0.0,0.0,,0.0,0.0,0.0,0.25,0.0,0.0,0.0,0.0,0.0,0.0,0.0,0.0,,,0.25,111.0,0.0,0.0,0.0,0.0,0.0,0.0,0.0,0.0,,,111.0,,,2.0
,32013,NH,NH,2010,AMERIGAS,,AMERIGAS,nan,phmsa_only,primary,1,no,no,,,,,,,,,,,,0.25,111.0,0.0,0.25,0.0,0.0,0.0,0.0,0.0,,0.0,0.0,0.0,0.0,0.0,0.0,0.0,111.0,0.0,0.0,0.0,0.0,0.0,,0.0,0.0,0.0,0.25,0.0,0.0,0.0,0.0,0.0,0.0,0.0,0.0,0.0,,0.25,111.0,0.0,0.0,0.0,0.0,0.0,0.0,0.0,0.0,0.0,,111.0,0.0,0.0,2.0
,32013,NH,NH,2011,AMERIGAS,,AMERIGAS,nan,phmsa_only,primary,1,no,no,,,,,,,,,,,,0.25,111.0,0.0,0.25,0.0,0.0,0.0,0.0,0.0,,0.0,0.0,0.0,0.0,0.0,0.0,0.0,111.0,0.0,0.0,0.0,0.0,0.0,,0.0,0.0,0.0,0.25,0.0,0.0,0.0,0.0,0.0,0.0,0.0,0.0,0.0,,0.25,111.0,0.0,0.0,0.0,0.0,0.0,0.0,0.0,0.0,0.0,,111.0,0.0,0.0,2.0
,32013,NH,NH,2012,AMERIGAS,,AMERIGAS,nan,phmsa_only,primary,1,no,no,,,,,,,,,,,,0.25,111.0,0.0,0.0,0.0,0.25,0.0,0.0,0.0,,0.0,0.0,0.0,0.0,0.0,0.0,0.0,0.0,0.0,111.0,0.0,0.0,0.0,,0.0,0.0,0.0,0.0,0.0,0.0,0.0,0.0,0.0,0.25,0.0,0.0,0.0,,0.25,0.0,0.0,0.0,0.0,0.0,0.0,111.0,0.0,0.0,0.0,,111.0,0.0,1.0,2.0
,32013,NH,NH,2013,AMERIGAS,,AMERIGAS,nan,phmsa_only,primary,1,no,no,,,,,,,,,,,,0.25,111.0,0.0,0.0,0.0,0.25,0.0,0.0,0.0,,0.0,0.0,0.0,0.0,0.0,0.0,0.0,0.0,0.0,111.0,0.0,0.0,0.0,,0.0,0.0,0.0,0.0,0.0,0.0,0.0,0.0,0.0,0.25,0.0,0.0,0.0,,0.25,0.0,0.0,0.0,0.0,0.0,0.0,111.0,0.0,0.0,0.0,,111.0,0.0,0.0,0.2
,32013,NH,NH,2014,AMERIGAS,,AMERIGAS,nan,phmsa_only,primary,1,no,no,,,,,,,,,,,,0.25,111.0,0.0,0.0,0.0,0.25,0.0,0.0,0.0,,0.0,0.0,0.0,0.0,0.0,0.0,0.0,0.0,0.0,111.0,0.0,0.0,0.0,,0.0,0.0,0.0,0.0,0.0,0.0,0.0,0.0,0.0,0.25,0.0,0.0,0.0,,0.25,0.0,0.0,0.0,0.0,0.0,0.0,111.0,0.0,0.0,0.0,,111.0,0.0,0.0,0.3
,30740,NH,NH,2004,AMERIGAS EAGLE PROPANE LP,,AMERIGAS EAGLE PROPANE LP,nan,phmsa_only,primary,1,no,no,,,,,,,,,,,,0.25,110.0,0.0,0.25,0.0,0.0,0.0,0.0,0.0,,0.0,0.0,0.0,0.0,0.0,0.0,0.0,110.0,0.0,0.0,0.0,0.0,0.0,,0.0,0.0,0.0,0.0,0.0,0.0,0.0,0.0,0.0,0.0,0.0,0.0,,,0.0,0.0,0.0,0.0,0.0,0.0,0.0,0.0,0.0,0.0,,,0.0,,,0.0
,30740,NH,NH,2007,AMERIGAS EAGLE PROPANE LP,,AMERIGAS EAGLE PROPANE LP,nan,phmsa_only,primary,1,no,no,,,,,,,,,,,,0.25,111.0,0.0,0.25,0.0,0.0,0.0,0.0,0.0,,0.0,0.0,0.0,0.0,0.0,0.0,0.0,111.0,0.0,0.0,0.0,0.0,0.0,,0.0,0.0,0.0,0.25,0.0,0.0,0.0,0.0,0.0,0.0,0.0,0.0,,,0.25,111.0,0.0,0.0,0.0,0.0,0.0,0.0,0.0,0.0,,,111.0,,,2.0
,30740,NH,NH,2008,AMERIGAS EAGLE PROPANE LP,,AMERIGAS EAGLE PROPANE LP,nan,phmsa_only,primary,1,no,no,,,,,,,,,,,,0.25,111.0,0.0,0.25,0.0,0.0,0.0,0.0,0.0,,0.0,0.0,0.0,0.0,0.0,0.0,0.0,111.0,0.0,0.0,0.0,0.0,0.0,,0.0,0.0,0.0,0.25,0.0,0.0,0.0,0.0,0.0,0.0,0.0,0.0,,,0.25,111.0,0.0,0.0,0.0,0.0,0.0,0.0,0.0,0.0,,,111.0,,,2.0
,30740,NH,NH,2009,AMERIGAS EAGLE PROPANE LP,,AMERIGAS EAGLE PROPANE LP,nan,phmsa_only,primary,1,no,no,,,,,,,,,,,,0.25,111.0,0.0,0.25,0.0,0.0,0.0,0.0,0.0,,0.0,0.0,0.0,0.0,0.0,0.0,0.0,111.0,0.0,0.0,0.0,0.0,0.0,,0.0,0.0,0.0,0.25,0.0,0.0,0.0,0.0,0.0,0.0,0.0,0.0,,,0.25,111.0,0.0,0.0,0.0,0.0,0.0,0.0,0.0,0.0,,,111.0,,,0.0
17677210NH,,,NH,2014,CLEAN ENERGY,CLEAN ENERGY,,,eia_only,,,,no,,,,,,,,,301356.0,301356.0,,,,,,,,,,,,,,,,,,,,,,,,,,,,,,,,,,,,,,,,,,,,,,,,,,,,,,,
17677210NH,,,NH,2015,CLEAN ENERGY,CLEAN ENERGY,,,eia_only,,,,no,,,,,,,,,933962.0,933962.0,,,,,,,,,,,,,,,,,,,,,,,,,,,,,,,,,,,,,,,,,,,,,,,,,,,,,,,
17677210NH,,,NH,2016,CLEAN ENERGY,CLEAN ENERGY,,,eia_only,,,,no,,,,,,,,,1242071.0,1242071.0,,,,,,,,,,,,,,,,,,,,,,,,,,,,,,,,,,,,,,,,,,,,,,,,,,,,,,,
17677210NH,,,NH,2017,CLEAN ENERGY,CLEAN ENERGY,,,eia_only,,,,no,,,,,,,,,91980.0,91980.0,,,,,,,,,,,,,,,,,,,,,,,,,,,,,,,,,,,,,,,,,,,,,,,,,,,,,,,
17677210NH,,,NH,2018,CLEAN ENERGY,CLEAN ENERGY,,,eia_only,,,,no,,,,,,,,,284.0,284.0,,,,,,,,,,,,,,,,,,,,,,,,,,,,,,,,,,,,,,,,,,,,,,,,,,,,,,,
17677210NH,,,NH,2019,CLEAN ENERGY,CLEAN ENERGY,,,eia_only,,,,no,,,,,,,,,5219.0,5219.0,,,,,,,,,,,,,,,,,,,,,,,,,,,,,,,,,,,,,,,,,,,,,,,,,,,,,,,
17677210NH,,,NH,2020,CLEAN ENERGY,CLEAN ENERGY,,,eia_only,,,,no,,,,,,,,,16631.0,16631.0,,,,,,,,,,,,,,,,,,,,,,,,,,,,,,,,,,,,,,,,,,,,,,,,,,,,,,,
17677210NH,,,NH,2021,CLEAN ENERGY,CLEAN ENERGY,,,eia_only,,,,no,,,,,,,,,5163.0,5164.0,,,,,,,,,,,,,,,,,,,,,,,,,,,,,,,,,,,,,,,,,,,,,,,,,,,,,,,
17677210NH,,,NH,2023,CLEAN ENERGY,CLEAN ENERGY,,,eia_only,,,,no,,,,,,,,,264.0,264.0,,,,,,,,,,,,,,,,,,,,,,,,,,,,,,,,,,,,,,,,,,,,,,,,,,,,,,,
17677210NH,,,NH,2024,CLEAN ENERGY,CLEAN ENERGY,,,eia_only,,,,no,,,,,,,,,81.0,81.0,,,,,,,,,,,,,,,,,,,,,,,,,,,,,,,,,,,,,,,,,,,,,,,,,,,,,,,
17604829NH,,,NH,1997,ENERGYNORTH NAT GAS INC,ENERGYNORTH NAT GAS INC,,,eia_only,,,,no,,,5444585.0,46016608.0,61128.0,4312807.0,34338970.0,8100.0,13417618.0,13113008.0,,,,,,,,,,,,,,,,,,,,,,,,,,,,,,,,,,,,,,,,,,,,,,,,,,,,,,,
17604829NH,,,NH,1998,ENERGYNORTH NAT GAS INC,ENERGYNORTH NAT GAS INC,,,eia_only,,,,no,,,4927896.0,39754511.0,62428.0,3941050.0,29469081.0,8303.0,12502735.0,12389662.0,,,,,,,,,,,,,,,,,,,,,,,,,,,,,,,,,,,,,,,,,,,,,,,,,,,,,,,
17604829NH,,,NH,1999,ENERGYNORTH NAT GAS INC,ENERGYNORTH NAT GAS INC,,,eia_only,,,,no,,,5193195.0,39118455.0,64088.0,4126285.0,28866259.0,8530.0,13325538.0,13019601.0,,,,,,,,,,,,,,,,,,,,,,,,,,,,,,,,,,,,,,,,,,,,,,,,,,,,,,,
17604829NH,,,NH,2000,ENERGYNORTH NAT GAS INC,ENERGYNORTH NAT GAS INC,,,eia_only,,,,no,,,5673301.0,57040435.0,64061.0,4412640.0,37363008.0,8519.0,13952345.0,13903895.0,,,,,,,,,,,,,,,,,,,,,,,,,,,,,,,,,,,,,,,,,,,,,,,,,,,,,,,
17604829NH,,,NH,2003,ENERGYNORTH NAT GAS INC,ENERGYNORTH NAT GAS INC,,,eia_only,,,,no,,,6192640.0,68041695.0,68077.0,5174142.0,51616767.0,8928.0,14365072.0,16551626.0,2207071.0,,,,,,,,,,,,,,,,,,,,,,,,,,,,,,,,,,,,,,,,,,,,,,,,,,,,,,
17604829NH,,,NH,2004,ENERGYNORTH NAT GAS INC,ENERGYNORTH NAT GAS INC,,,eia_only,,,,no,,,5374507.0,76955471.0,68067.0,4439735.0,57772284.0,9174.0,17199917.0,12412399.0,,,,,,,,,,,,,,,,,,,,,,,,,,,,,,,,,,,,,,,,,,,,,,,,,,,,,,,
17604829NH,,,NH,2005,ENERGYNORTH NAT GAS INC,ENERGYNORTH NAT GAS INC,,,eia_only,,,,no,,,6147758.0,89384304.0,73515.0,5206028.0,70347254.0,9864.0,14374839.0,13990688.0,,,,,,,,,,,,,,,,,,,,,,,,,,,,,,,,,,,,,,,,,,,,,,,,,,,,,,,
17604829NH,,,NH,2006,ENERGYNORTH NAT GAS INC,ENERGYNORTH NAT GAS INC,,,eia_only,,,,no,,,5306975.0,85196637.0,73599.0,4523349.0,67603788.0,9952.0,12668434.0,12494897.0,,,,,,,,,,,,,,,,,,,,,,,,,,,,,,,,,,,,,,,,,,,,,,,,,,,,,,,
17604829NH,,,NH,2007,ENERGYNORTH NAT GAS INC,ENERGYNORTH NAT GAS INC,,,eia_only,,,,no,,,5760527.0,94559597.0,73784.0,4564345.0,70007440.0,9891.0,12539778.0,13560879.0,,,,,,,,,,,,,,,,,,,,,,,,,,,,,,,,,,,,,,,,,,,,,,,,,,,,,,,
17604829NH,,,NH,2008,ENERGYNORTH NAT GAS INC,ENERGYNORTH NAT GAS INC,,,eia_only,,,,no,,,5601813.0,90859087.0,46736.0,4055961.0,61311875.0,34620.0,15966229.0,14817620.0,,,,,,,,,,,,,,,,,,,,,,,,,,,,,,,,,,,,,,,,,,,,,,,,,,,,,,,
17604829NH,,,NH,2009,ENERGYNORTH NAT GAS INC,ENERGYNORTH NAT GAS INC,,,eia_only,,,,no,,,5656723.0,84397673.0,75067.0,3515876.0,49266098.0,9656.0,19249123.0,14689594.0,,,,,,,,,,,,,,,,,,,,,,,,,,,,,,,,,,,,,,,,,,,,,,,,,,,,,,,
17604829NH,,,NH,2010,ENERGYNORTH NAT GAS INC,ENERGYNORTH NAT GAS INC,,,eia_only,,,,no,,,5257342.0,74212483.0,73224.0,3199556.0,39932548.0,9337.0,14159955.0,14191801.0,60017.0,,,,,,,,,,,,,,,,,,,,,,,,,,,,,,,,,,,,,,,,,,,,,,,,,,,,,,
17604829NH,,,NH,2011,ENERGYNORTH NAT GAS INC,ENERGYNORTH NAT GAS INC,,,eia_only,,,,no,,,5389081.0,76323398.0,74953.0,3236814.0,32851492.0,9511.0,16270890.0,14740322.0,66129.0,,,,,,,,,,,,,,,,,,,,,,,,,,,,,,,,,,,,,,,,,,,,,,,,,,,,,,
,4485,NH,NH,1997,ENERGYNORTH NATURAL GAS INC,,ENERGYNORTH NATURAL GAS INC,nan,phmsa_only,additional,3,no,no,,,,,,,,,,,,311.0,15927.0,1.0,9.0,1.0,141.0,62.0,97.0,97.0,,0.0,0.0,0.0,62.0,0.0,0.0,5470.0,362.0,81.0,2455.0,7146.0,1.0,1.0,,0.0,412.0,0.0,,,,,,,,,,,,,,,,,,,,,,,,,,,1.1
,4485,NH,NH,1997,ENERGYNORTH NATURAL GAS INC,,ENERGYNORTH NATURAL GAS INC,nan,phmsa_only,additional,3,no,no,,,,,,,,,,,,291.0,11400.0,4.0,4.0,2.0,156.0,81.0,44.0,44.0,,0.0,0.0,0.0,81.0,0.0,0.0,2844.0,347.0,161.0,2094.0,5950.0,4.0,4.0,,0.0,0.0,0.0,,,,,,,,,,,,,,,,,,,,,,,,,,,1.1
,4485,NH,NH,1997,ENERGYNORTH NATURAL GAS INC,,ENERGYNORTH NATURAL GAS INC,nan,phmsa_only,primary,3,no,no,,,,,,,,,,,,455.0,23459.0,13.0,14.0,2.0,332.0,54.0,40.0,40.0,,0.0,0.0,0.0,54.0,0.0,0.0,2717.0,123.0,37.0,12202.0,8380.0,0.0,0.0,,0.0,0.0,0.0,,,,,,,,,,,,,,,,,,,,,,,,,,,1.1
,4485,NH,NH,1998,ENERGYNORTH NATURAL GAS INC,,ENERGYNORTH NATURAL GAS INC,nan,phmsa_only,additional,3,no,no,,,,,,,,,,,,325.0,16589.0,1.0,7.0,2.0,143.0,76.0,96.0,96.0,,0.0,0.0,0.0,76.0,0.0,0.0,5303.0,339.0,81.0,2486.0,8001.0,1.0,1.0,,0.0,378.0,0.0,,,,,,,,,,,,,,,,,,,,,,,,,,,0.9
,4485,NH,NH,1998,ENERGYNORTH NATURAL GAS INC,,ENERGYNORTH NATURAL GAS INC,nan,phmsa_only,additional,3,no,no,,,,,,,,,,,,293.0,11700.0,4.0,4.0,2.0,155.0,84.0,44.0,43.0,,0.0,0.0,0.0,84.0,0.0,0.0,2632.0,324.0,161.0,2146.0,6433.0,4.0,4.0,,0.0,0.0,0.0,,,,,,,,,,,,,,,,,,,,,,,,,,,0.9
,4485,NH,NH,1998,ENERGYNORTH NATURAL GAS INC,,ENERGYNORTH NATURAL GAS INC,nan,phmsa_only,primary,3,no,no,,,,,,,,,,,,475.0,24414.0,14.0,14.0,0.0,333.0,76.0,38.0,38.0,,0.0,0.0,0.0,76.0,0.0,0.0,2651.0,92.0,37.0,12245.0,9389.0,0.0,0.0,,0.0,0.0,0.0,,,,,,,,,,,,,,,,,,,,,,,,,,,0.9
,4485,NH,NH,1999,ENERGYNORTH NATURAL GAS INC,,ENERGYNORTH NATURAL GAS INC,nan,phmsa_only,additional,3,no,no,,,,,,,,,,,,299.0,11778.0,4.0,4.0,0.0,158.0,91.0,42.0,42.0,,0.0,0.0,0.0,91.0,0.0,0.0,2549.0,659.0,170.0,1763.0,6633.0,4.0,4.0,,0.0,0.0,0.0,,,,,,,,,,,,,,,,,,,,,,,,,,,1.0
,4485,NH,NH,1999,ENERGYNORTH NATURAL GAS INC,,ENERGYNORTH NATURAL GAS INC,nan,phmsa_only,additional,3,no,no,,,,,,,,,,,,334.0,16926.0,1.0,6.0,0.0,146.0,87.0,94.0,94.0,,0.0,0.0,0.0,87.0,0.0,0.0,5153.0,859.0,84.0,1969.0,8504.0,0.0,0.0,,0.0,357.0,0.0,,,,,,,,,,,,,,,,,,,,,,,,,,,1.0
,4485,NH,NH,1999,ENERGYNORTH NATURAL GAS INC,,ENERGYNORTH NATURAL GAS INC,nan,phmsa_only,primary,3,no,no,,,,,,,,,,,,484.0,24804.0,14.0,12.0,0.0,334.0,87.0,37.0,37.0,,0.0,0.0,0.0,87.0,0.0,0.0,2473.0,1515.0,45.0,10647.0,10123.0,0.0,0.0,,0.0,1.0,0.0,,,,,,,,,,,,,,,,,,,,,,,,,,,1.0
17605125NH,,,NH,1997,GRANITE STATE GAS TRANSMISSION,GRANITE STATE GAS TRANSMISSION,,,eia_only,,,,no,,,,,,,,,13968265.0,14025667.0,,,,,,,,,,,,,,,,,,,,,,,,,,,,,,,,,,,,,,,,,,,,,,,,,,,,,,,
17605125NH,,,NH,1998,GRANITE STATE GAS TRANSMISSION,GRANITE STATE GAS TRANSMISSION,,,eia_only,,,,no,,,,,,,,,17622588.0,17551913.0,,,,,,,,,,,,,,,,,,,,,,,,,,,,,,,,,,,,,,,,,,,,,,,,,,,,,,,
17605125NH,,,NH,1999,GRANITE STATE GAS TRANSMISSION,GRANITE STATE GAS TRANSMISSION,,,eia_only,,,,no,,,,,,,,,29416576.0,29416576.0,,,,,,,,,,,,,,,,,,,,,,,,,,,,,,,,,,,,,,,,,,,,,,,,,,,,,,,
17605125NH,,,NH,2000,GRANITE STATE GAS TRANSMISSION,GRANITE STATE GAS TRANSMISSION,,,eia_only,,,,no,,,,,,,,,52681936.0,52643553.0,,,,,,,,,,,,,,,,,,,,,,,,,,,,,,,,,,,,,,,,,,,,,,,,,,,,,,,
17605125NH,,,NH,2001,GRANITE STATE GAS TRANSMISSION,GRANITE STATE GAS TRANSMISSION,,,eia_only,,,,no,,,,,,,,,6381200.0,6356529.0,,,,,,,,,,,,,,,,,,,,,,,,,,,,,,,,,,,,,,,,,,,,,,,,,,,,,,,
17605125NH,,,NH,2003,GRANITE STATE GAS TRANSMISSION,GRANITE STATE GAS TRANSMISSION,,,eia_only,,,,no,,,,,,,,,6757807.0,6709422.0,,,,,,,,,,,,,,,,,,,,,,,,,,,,,,,,,,,,,,,,,,,,,,,,,,,,,,,
17605125NH,,,NH,2004,GRANITE STATE GAS TRANSMISSION,GRANITE STATE GAS TRANSMISSION,,,eia_only,,,,no,,,,,,,,,6895057.0,6876687.0,,,,,,,,,,,,,,,,,,,,,,,,,,,,,,,,,,,,,,,,,,,,,,,,,,,,,,,
17605125NH,,,NH,2005,GRANITE STATE GAS TRANSMISSION,GRANITE STATE GAS TRANSMISSION,,,eia_only,,,,no,,,,,,,,,6587570.0,6406228.0,,,,,,,,,,,,,,,,,,,,,,,,,,,,,,,,,,,,,,,,,,,,,,,,,,,,,,,
17605125NH,,,NH,2006,GRANITE STATE GAS TRANSMISSION,GRANITE STATE GAS TRANSMISSION,,,eia_only,,,,no,,,,,,,,,6722821.0,6336183.0,,,,,,,,,,,,,,,,,,,,,,,,,,,,,,,,,,,,,,,,,,,,,,,,,,,,,,,
17605125NH,,,NH,2007,GRANITE STATE GAS TRANSMISSION,GRANITE STATE GAS TRANSMISSION,,,eia_only,,,,no,,,,,,,,,7555505.0,7162416.0,,,,,,,,,,,,,,,,,,,,,,,,,,,,,,,,,,,,,,,,,,,,,,,,,,,,,,,
17605125NH,,,NH,2008,GRANITE STATE GAS TRANSMISSION,GRANITE STATE GAS TRANSMISSION,,,eia_only,,,,no,,,,,,,,,7262706.0,7220657.0,,,,,,,,,,,,,,,,,,,,,,,,,,,,,,,,,,,,,,,,,,,,,,,,,,,,,,,
17605125NH,,,NH,2009,GRANITE STATE GAS TRANSMISSION,GRANITE STATE GAS TRANSMISSION,,,eia_only,,,,no,,,,,,,,,6656832.0,6630498.0,,,,,,,,,,,,,,,,,,,,,,,,,,,,,,,,,,,,,,,,,,,,,,,,,,,,,,,
17605125NH,,,NH,2010,GRANITE STATE GAS TRANSMISSION,GRANITE STATE GAS TRANSMISSION,,,eia_only,,,,no,,,,,,,,,6257269.0,6175893.0,,,,,,,,,,,,,,,,,,,,,,,,,,,,,,,,,,,,,,,,,,,,,,,,,,,,,,,
17605125NH,,,NH,2011,GRANITE STATE GAS TRANSMISSION,GRANITE STATE GAS TRANSMISSION,,,eia_only,,,,no,,,,,,,,,6555482.0,6570154.0,,,,,,,,,,,,,,,,,,,,,,,,,,,,,,,,,,,,,,,,,,,,,,,,,,,,,,,
17605125NH,,,NH,2012,GRANITE STATE GAS TRANSMISSION,GRANITE STATE GAS TRANSMISSION,,,eia_only,,,,no,,,,,,,,,6754344.0,6493565.0,,,,,,,,,,,,,,,,,,,,,,,,,,,,,,,,,,,,,,,,,,,,,,,,,,,,,,,
17605125NH,,,NH,2013,GRANITE STATE GAS TRANSMISSION,GRANITE STATE GAS TRANSMISSION,,,eia_only,,,,no,,,,,,,,,7388990.0,7378159.0,,,,,,,,,,,,,,,,,,,,,,,,,,,,,,,,,,,,,,,,,,,,,,,,,,,,,,,
17605125NH,,,NH,2014,GRANITE STATE GAS TRANSMISSION,GRANITE STATE GAS TRANSMISSION,,,eia_only,,,,no,,,,,,,,,7884918.0,7809902.0,,,,,,,,,,,,,,,,,,,,,,,,,,,,,,,,,,,,,,,,,,,,,,,,,,,,,,,
17605125NH,,,NH,2015,GRANITE STATE GAS TRANSMISSION,GRANITE STATE GAS TRANSMISSION,,,eia_only,,,,no,,,,,,,,,8234902.0,8269579.0,,,,,,,,,,,,,,,,,,,,,,,,,,,,,,,,,,,,,,,,,,,,,,,,,,,,,,,
17605125NH,,,NH,2016,GRANITE STATE GAS TRANSMISSION,GRANITE STATE GAS TRANSMISSION,,,eia_only,,,,no,,,,,,,,,8343406.0,8383948.0,,,,,,,,,,,,,,,,,,,,,,,,,,,,,,,,,,,,,,,,,,,,,,,,,,,,,,,
17605125NH,,,NH,2017,GRANITE STATE GAS TRANSMISSION,GRANITE STATE GAS TRANSMISSION,,,eia_only,,,,no,,,,,,,,,8501854.0,8578340.0,,,,,,,,,,,,,,,,,,,,,,,,,,,,,,,,,,,,,,,,,,,,,,,,,,,,,,,
17605125NH,,,NH,2018,GRANITE STATE GAS TRANSMISSION,GRANITE STATE GAS TRANSMISSION,,,eia_only,,,,no,,,,,,,,,9043449.0,9105562.0,,,,,,,,,,,,,,,,,,,,,,,,,,,,,,,,,,,,,,,,,,,,,,,,,,,,,,,
17605125NH,,,NH,2019,GRANITE STATE GAS TRANSMISSION,GRANITE STATE GAS TRANSMISSION,,,eia_only,,,,no,,,,,,,,,8982500.0,9000665.0,,,,,,,,,,,,,,,,,,,,,,,,,,,,,,,,,,,,,,,,,,,,,,,,,,,,,,,
17605125NH,,,NH,2020,GRANITE STATE GAS TRANSMISSION,GRANITE STATE GAS TRANSMISSION,,,eia_only,,,,no,,,,,,,,,8277495.0,8302896.0,,,,,,,,,,,,,,,,,,,,,,,,,,,,,,,,,,,,,,,,,,,,,,,,,,,,,,,
17605125NH,,,NH,2021,GRANITE STATE GAS TRANSMISSION,GRANITE STATE GAS TRANSMISSION,,,eia_only,,,,no,,,,,,,,,8678948.0,8680471.0,,,,,,,,,,,,,,,,,,,,,,,,,,,,,,,,,,,,,,,,,,,,,,,,,,,,,,,
17605125NH,,,NH,2022,GRANITE STATE GAS TRANSMISSION,GRANITE STATE GAS TRANSMISSION,,,eia_only,,,,no,,,,,,,,,8854058.0,8948393.0,,,,,,,,,,,,,,,,,,,,,,,,,,,,,,,,,,,,,,,,,,,,,,,,,,,,,,,
17605125NH,,,NH,2023,GRANITE STATE GAS TRANSMISSION,GRANITE STATE GAS TRANSMISSION,,,eia_only,,,,no,,,,,,,,,8190779.0,8268968.0,,,,,,,,,,,,,,,,,,,,,,,,,,,,,,,,,,,,,,,,,,,,,,,,,,,,,,,
17605125NH,,,NH,2024,GRANITE STATE GAS TRANSMISSION,GRANITE STATE GAS TRANSMISSION,,,eia_only,,,,no,,,,,,,,,8182824.0,8261414.0,,,,,,,,,,,,,,,,,,,,,,,,,,,,,,,,,,,,,,,,,,,,,,,,,,,,,,,
,10125,NH,NH,1997,KEENE GAS CO,,KEENE GAS CO,nan,phmsa_only,primary,1,no,no,,,,,,,,,,,,26.0,1271.0,0.0,1.0,0.0,2.0,2.0,21.0,21.0,,0.0,0.0,0.0,2.0,0.0,0.0,4.0,9.0,0.0,38.0,302.0,918.0,918.0,,0.0,0.0,0.0,,,,,,,,,,,,,,,,,,,,,,,,,,,6.7
,31459,NH,NH,2000,KEYSPAN ENERGY DELIVERY,,KEYSPAN ENERGY DELIVERY,nan,phmsa_only,primary,1,no,no,,,,,,,,,,,,1147.0,53818.0,17.0,17.0,0.0,643.0,299.0,171.0,171.0,,0.0,0.0,0.0,299.0,0.0,0.0,10174.0,2884.0,299.0,14379.0,25722.0,5.0,5.0,,0.0,355.0,0.0,,,,,,,,,,,,,,,,,,,,,,,,,,,1.27
,31459,NH,NH,2001,KEYSPAN ENERGY DELIVERY,,KEYSPAN ENERGY DELIVERY,nan,phmsa_only,additional,4,no,no,,,,,,,,,,,,349.0,21191.0,1.0,14.0,0.0,140.0,94.0,100.0,100.0,,0.0,0.0,0.0,94.0,0.0,0.0,5218.0,1000.0,84.0,5565.0,8813.0,0.0,0.0,,0.0,484.0,27.0,,,,,,,,,,,,,,,,,,,,,,,,,,,1.6
,31459,NH,NH,2001,KEYSPAN ENERGY DELIVERY,,KEYSPAN ENERGY DELIVERY,nan,phmsa_only,additional,4,no,no,,,,,,,,,,,,317.0,14142.0,5.0,9.0,0.0,156.0,102.0,45.0,45.0,,0.0,0.0,0.0,102.0,0.0,0.0,2805.0,718.0,170.0,3855.0,6566.0,7.0,7.0,,0.0,0.0,21.0,,,,,,,,,,,,,,,,,,,,,,,,,,,1.6
,31459,NH,NH,2001,KEYSPAN ENERGY DELIVERY,,KEYSPAN ENERGY DELIVERY,nan,phmsa_only,additional,4,no,no,,,,,,,,,,,,539.0,28054.0,14.0,31.0,0.0,357.0,101.0,36.0,36.0,,0.0,0.0,0.0,101.0,0.0,0.0,2580.0,1596.0,45.0,12687.0,11124.0,1.0,1.0,,0.0,2.0,19.0,,,,,,,,,,,,,,,,,,,,,,,,,,,1.6
,31459,NH,NH,2001,KEYSPAN ENERGY DELIVERY,,KEYSPAN ENERGY DELIVERY,nan,phmsa_only,primary,4,no,no,,,,,,,,,,,,1205.0,63387.0,20.0,54.0,0.0,653.0,297.0,181.0,181.0,,0.0,0.0,0.0,297.0,0.0,0.0,10603.0,3314.0,299.0,22107.0,26503.0,8.0,8.0,,0.0,486.0,67.0,,,,,,,,,,,,,,,,,,,,,,,,,,,1.6
,31459,NH,NH,2002,KEYSPAN ENERGY DELIVERY,,KEYSPAN ENERGY DELIVERY,nan,phmsa_only,additional,4,no,no,,,,,,,,,,,,318.0,12798.0,3.0,4.0,1.0,152.0,117.0,38.0,38.0,,0.0,1.0,1.0,117.0,0.0,1.0,2414.0,602.0,170.0,1718.0,7826.0,4.0,4.0,,0.0,0.0,64.0,,,,,,,,,,,,,,,,,,,,,,,,,,,4.5
,31459,NH,NH,2002,KEYSPAN ENERGY DELIVERY,,KEYSPAN ENERGY DELIVERY,nan,phmsa_only,additional,4,no,no,,,,,,,,,,,,370.0,18126.0,1.0,4.0,3.0,143.0,130.0,85.0,85.0,,0.0,0.0,1.0,130.0,0.0,1.0,4490.0,800.0,84.0,1895.0,10489.0,0.0,0.0,,0.0,0.0,341.0,,,,,,,,,,,,,,,,,,,,,,,,,,,4.5
,31459,NH,NH,2002,KEYSPAN ENERGY DELIVERY,,KEYSPAN ENERGY DELIVERY,nan,phmsa_only,additional,4,no,no,,,,,,,,,,,,500.0,26649.0,13.0,17.0,1.0,319.0,115.0,35.0,36.0,,0.0,0.0,0.0,114.0,0.0,0.0,2294.0,1482.0,45.0,10555.0,12251.0,1.0,1.0,,0.0,1.0,20.0,,,,,,,,,,,,,,,,,,,,,,,,,,,4.5
,31459,NH,NH,2002,KEYSPAN ENERGY DELIVERY,,KEYSPAN ENERGY DELIVERY,nan,phmsa_only,primary,4,no,no,,,,,,,,,,,,1181.0,57573.0,16.0,23.0,1.0,615.0,360.0,157.0,157.0,,0.0,2.0,1.0,360.0,0.0,1.0,9198.0,2884.0,299.0,14168.0,30566.0,5.0,5.0,,0.0,342.0,111.0,,,,,,,,,,,,,,,,,,,,,,,,,,,4.5
17675803NH,16667,NH,NH,2003,LIBERTY UTILITIES DBA ENERGY NORTH,LIBERTY UTILITIES DBA ENERGY NORTH,KEYSPAN ENERGY DELIVERY - ENERGY NORTH,nan,matched,primary,1,no,yes,LIBERTY UTILITIES (ENERGYNORTH),eia:17675803NH,,,,,,,,,,1239.0,59273.0,17.0,46.0,0.0,613.0,411.0,152.0,153.0,,0.0,0.0,0.0,412.0,0.0,0.0,8765.0,2884.0,299.0,14097.0,32772.0,4.0,4.0,,0.0,337.0,115.0,,,,,,,,,,,,,,,,,,,,,,,,,,,2.4
17675803NH,16667,NH,NH,2004,LIBERTY UTILITIES DBA ENERGY NORTH,LIBERTY UTILITIES DBA ENERGY NORTH,KEYSPAN ENERGY DELIVERY - ENERGY NORTH,nan,matched,additional,4,no,yes,LIBERTY UTILITIES (ENERGYNORTH),eia:17675803NH,,,,,,,,,,528.375,34775.0,12.71,37.82,0.3,306.12,137.972,33.453,33.453,,0.0,0.0,0.0,137.972,0.0,0.0,2301.0,1610.0,0.0,10396.0,13236.0,1.0,1.0,,0.0,1.0,7230.0,0.038,39.186,2.922,11.863,146.596,57.609,120.842,98.17,51.074,,,528.3,7224.0,1954.0,209.0,425.0,5402.0,3367.0,7607.0,5542.0,3045.0,,,34775.0,,,1.2
17675803NH,16667,NH,NH,2004,LIBERTY UTILITIES DBA ENERGY NORTH,LIBERTY UTILITIES DBA ENERGY NORTH,KEYSPAN ENERGY DELIVERY - ENERGY NORTH,nan,matched,additional,4,no,yes,LIBERTY UTILITIES (ENERGYNORTH),eia:17675803NH,,,,,,,,,,348.315,15717.0,2.82,8.93,0.22,162.47,136.339,37.536,37.536,,0.0,0.0,0.0,136.339,0.0,0.0,2393.0,143.0,0.0,2193.0,8677.0,4.0,4.0,,0.0,0.0,2307.0,0.0,33.77,0.784,22.206,77.093,28.094,83.142,49.161,54.016,,,348.266,2357.0,1613.0,89.0,242.0,865.0,968.0,4202.0,3249.0,2132.0,,,15717.0,,,1.2
17675803NH,16667,NH,NH,2004,LIBERTY UTILITIES DBA ENERGY NORTH,LIBERTY UTILITIES DBA ENERGY NORTH,KEYSPAN ENERGY DELIVERY - ENERGY NORTH,nan,matched,additional,4,no,yes,LIBERTY UTILITIES (ENERGYNORTH),eia:17675803NH,,,,,,,,,,397.895,24451.0,0.59,4.8,0.01,144.42,166.782,78.433,78.433,,0.0,0.0,0.0,166.782,0.0,0.0,4208.0,177.0,0.0,2439.0,12519.0,0.0,0.0,,0.0,333.0,4775.0,0.0,69.791,4.066,11.757,33.279,28.089,75.614,87.399,87.889,,,397.884,4869.0,3367.0,291.0,301.0,510.0,1095.0,4349.0,5403.0,4266.0,,,24451.0,,,1.2
17675803NH,16667,NH,NH,2004,LIBERTY UTILITIES DBA ENERGY NORTH,LIBERTY UTILITIES DBA ENERGY NORTH,KEYSPAN ENERGY DELIVERY - ENERGY NORTH,nan,matched,primary,4,no,yes,LIBERTY UTILITIES (ENERGYNORTH),eia:17675803NH,,,,,,,,,,1274.585,74943.0,16.12,51.55,0.53,613.01,441.093,149.422,149.422,,0.0,0.0,0.0,441.093,0.0,0.0,8902.0,1890.0,0.0,15068.0,34432.0,5.0,5.0,,0.0,334.0,14312.0,0.038,142.747,7.772,45.826,256.968,113.792,279.598,234.73,192.979,,,1274.45,14450.0,6934.0,589.0,968.0,6777.0,5430.0,16158.0,14194.0,9443.0,,,74943.0,,,1.2
17675803NH,16667,NH,NH,2005,LIBERTY UTILITIES DBA ENERGY NORTH,LIBERTY UTILITIES DBA ENERGY NORTH,KEYSPAN ENERGY DELIVERY - ENERGY NORTH,nan,matched,primary,1,no,yes,LIBERTY UTILITIES (ENERGYNORTH),eia:17675803NH,,,,,,,,,,1289.82,64699.0,15.9,5.12,0.17,659.53,463.6,145.5,145.49,,0.0,0.0,0.0,463.59,0.0,0.0,8687.0,1918.0,0.0,14968.0,35864.0,5.0,5.0,,0.0,327.0,2930.0,0.0,139.55,7.75,44.9,254.6,114.83,278.16,234.14,215.89,,,1289.82,3068.0,6772.0,578.0,957.0,6734.0,5396.0,16080.0,14151.0,10963.0,,,64699.0,,,2.4
17675803NH,16667,NH,NH,2006,LIBERTY UTILITIES DBA ENERGY NORTH,LIBERTY UTILITIES DBA ENERGY NORTH,KEYSPAN ENERGY DELIVERY - ENERGY NORTH,nan,matched,primary,1,no,yes,LIBERTY UTILITIES (ENERGYNORTH),eia:17675803NH,,,,,,,,,,1301.535,63967.0,15.435,23.247,0.026,639.578,482.508,140.741,140.741,,0.0,0.0,0.0,482.508,0.0,0.0,8405.0,1905.0,0.0,14922.0,36947.0,6.0,6.0,,0.0,318.0,1464.0,0.0,134.112,7.37,43.878,252.062,114.588,277.359,234.457,237.709,,,1301.535,1597.0,6568.0,564.0,938.0,6693.0,5374.0,15984.0,14112.0,12137.0,,,63967.0,,,1.7
17675803NH,16667,NH,NH,2007,LIBERTY UTILITIES DBA ENERGY NORTH,LIBERTY UTILITIES DBA ENERGY NORTH,KEYSPAN ENERGY DELIVERY - ENERGY NORTH,nan,matched,primary,1,no,yes,LIBERTY UTILITIES (ENERGYNORTH),eia:17675803NH,,,,,,,,,,1318.781,64519.0,15.494,19.063,0.027,647.238,497.656,139.303,139.303,,0.0,0.0,0.0,497.656,0.0,0.0,8134.0,1893.0,0.0,14854.0,37812.0,6.0,6.0,,0.0,309.0,1511.0,0.0,132.846,7.353,44.109,251.96,113.62,278.685,234.658,255.55,,,1318.781,1643.0,6344.0,558.0,915.0,6639.0,5345.0,15928.0,14076.0,13071.0,,,64519.0,,,1.2
17675803NH,16667,NH,NH,2008,LIBERTY UTILITIES DBA ENERGY NORTH,LIBERTY UTILITIES DBA ENERGY NORTH,KEYSPAN ENERGY DELIVERY - ENERGY NORTH,nan,matched,primary,1,no,yes,LIBERTY UTILITIES (ENERGYNORTH),eia:17675803NH,,,,,,,,,,1329.065,64909.0,14.589,20.678,0.008,645.8,512.835,135.155,135.155,,0.0,0.0,0.0,512.835,0.0,0.0,7802.0,1868.0,0.0,14731.0,38700.0,6.0,6.0,,0.0,297.0,1505.0,0.0,128.778,7.342,43.072,251.625,113.191,278.851,235.512,270.694,,,1329.065,1620.0,6089.0,547.0,880.0,6561.0,5274.0,15850.0,14021.0,14067.0,,,64909.0,,,2.6
17675803NH,16667,NH,NH,2009,LIBERTY UTILITIES DBA ENERGY NORTH,LIBERTY UTILITIES DBA ENERGY NORTH,KEYSPAN ENERGY DELIVERY - ENERGY NORTH,nan,matched,primary,1,no,yes,LIBERTY UTILITIES (ENERGYNORTH),eia:17675803NH,,,,,,,,,,1329.121,65080.0,12.96,18.084,0.167,647.24,521.803,128.867,128.867,,0.0,0.0,0.0,521.803,0.0,0.0,7377.0,1844.0,0.0,14586.0,39428.0,6.0,6.0,,0.0,289.0,1550.0,0.0,123.226,7.041,40.878,251.176,112.455,277.921,235.397,281.027,,,1329.121,1663.0,5752.0,525.0,826.0,6498.0,5185.0,15740.0,13904.0,14987.0,,,65080.0,,,0.95
17675803NH,16667,NH,NH,2010,LIBERTY UTILITIES DBA ENERGY NORTH,LIBERTY UTILITIES DBA ENERGY NORTH,KEYSPAN ENERGY DELIVERY - ENERGY NORTH,nan,matched,primary,1,no,yes,LIBERTY UTILITIES (ENERGYNORTH),eia:17675803NH,,,,,,,,,,1332.061,65379.0,12.115,18.012,0.187,646.735,530.328,124.684,124.684,,0.0,0.0,0.0,530.328,0.0,0.0,7099.0,1833.0,0.0,14512.0,40065.0,6.0,6.0,,0.0,286.0,1578.0,0.0,119.641,6.531,40.335,250.218,112.33,277.387,235.179,281.919,8.521,,1332.061,1686.0,5514.0,513.0,806.0,6464.0,5144.0,15680.0,13860.0,14929.0,783.0,,65379.0,44.0,15430.0,1.0
17675803NH,16667,NH,NH,2011,LIBERTY UTILITIES DBA ENERGY NORTH,LIBERTY UTILITIES DBA ENERGY NORTH,KEYSPAN ENERGY DELIVERY - ENERGY NORTH,nan,matched,primary,1,no,yes,LIBERTY UTILITIES (ENERGYNORTH),eia:17675803NH,,,,,,,,,,1332.488,65714.0,11.646,17.768,0.164,647.687,534.984,120.239,120.239,,0.0,0.0,0.0,534.984,0.0,0.0,6871.0,1824.0,0.0,14415.0,40631.0,4.0,4.0,,0.0,284.0,1685.0,0.0,116.43,6.449,40.062,249.698,112.068,277.311,234.422,282.032,14.016,,1332.488,1789.0,5321.0,502.0,790.0,6425.0,5097.0,15618.0,13796.0,14877.0,1499.0,,65714.0,42.0,15761.0,1.1
17675803NH,16667,NH,NH,2012,LIBERTY UTILITIES DBA ENERGY NORTH,LIBERTY UTILITIES DBA ENERGY NORTH,KEYSPAN ENERGY DELIVERY - ENERGY NORTH,nan,matched,primary,1,no,yes,LIBERTY UTILITIES (ENERGYNORTH),eia:17675803NH,4993685.0,64629145.0,77075.0,2788892.0,30689571.0,9825.0,14034723.0,13457319.0,,1333.821,66233.0,11.361,18.819,0.0,645.012,541.973,116.656,116.656,,0.0,0.0,0.0,541.973,0.0,0.0,6715.0,1819.0,0.0,14374.0,41058.0,4.0,4.0,,0.0,280.0,1983.0,,112.279,6.21,39.727,249.113,111.862,277.062,234.165,281.694,21.709,,,2086.0,5186.0,492.0,782.0,6405.0,5077.0,15580.0,13757.0,14844.0,2024.0,,66233.0,37.0,16249.0,0.58
17675803NH,16667,NH,NH,2013,LIBERTY UTILITIES DBA ENERGY NORTH,LIBERTY UTILITIES DBA ENERGY NORTH,KEYSPAN ENERGY DELIVERY - ENERGY NORTH,nan,matched,primary,1,no,yes,LIBERTY UTILITIES (ENERGYNORTH),eia:17675803NH,5541504.0,74782021.0,75515.0,2993376.0,36575236.0,9044.0,15642431.0,15154954.0,,1348.186,66595.0,10.957,18.344,0.0,643.047,565.918,109.92,109.92,,0.0,0.0,0.0,565.918,0.0,0.0,6470.0,1806.0,0.0,14310.0,41897.0,2.0,2.0,,0.0,273.0,1837.0,0.0,108.382,5.972,39.245,248.379,111.235,276.455,233.323,281.438,43.757,,1348.186,1939.0,4974.0,479.0,761.0,6379.0,5038.0,15525.0,13699.0,14774.0,3027.0,,66595.0,30.0,16953.0,1.16
17675803NH,16667,NH,NH,2014,LIBERTY UTILITIES DBA ENERGY NORTH,LIBERTY UTILITIES DBA ENERGY NORTH,KEYSPAN ENERGY DELIVERY - ENERGY NORTH,nan,matched,primary,1,no,yes,LIBERTY UTILITIES (ENERGYNORTH),eia:17675803NH,5945343.0,94903510.0,75304.0,3405500.0,52963366.0,9002.0,16830892.0,16307044.0,,1353.593,66823.0,10.37,15.649,0.0,644.104,578.62,104.85,104.85,,0.0,0.0,0.0,578.62,0.0,0.0,6449.0,1806.0,0.0,14322.0,43933.0,0.0,0.0,,0.0,273.0,40.0,0.0,101.822,5.995,37.694,246.798,110.995,276.185,232.807,280.882,60.415,,1353.593,872.0,4373.0,473.0,734.0,6347.0,5004.0,15533.0,13761.0,14848.0,4878.0,,66823.0,43.0,18347.0,2.65
17675803NH,16667,NH,NH,2015,LIBERTY UTILITIES DBA ENERGY NORTH,LIBERTY UTILITIES DBA ENERGY NORTH,KEYSPAN ENERGY DELIVERY - ENERGY NORTH,Investor Owned,matched,primary,1,no,yes,LIBERTY UTILITIES (ENERGYNORTH),eia:17675803NH,6047555.0,95214799.0,77700.0,3663201.0,50794054.0,9192.0,16859566.0,16879715.0,,1361.42,67898.0,10.18,14.921,,643.458,591.939,100.672,100.921,0.25,,,,591.939,0.0,0.0,6239.0,1022.0,,15057.0,45267.0,,0.0,,,273.0,40.0,0.0,97.79,5.944,37.123,246.405,110.646,276.161,232.952,279.844,74.556,,1361.421,856.0,4105.0,462.0,694.0,6336.0,4980.0,15485.0,13714.0,14800.0,6466.0,,67898.0,45.0,19769.0,1.56
17675803NH,16667,NH,NH,2016,LIBERTY UTILITIES DBA ENERGY NORTH,LIBERTY UTILITIES DBA ENERGY NORTH,KEYSPAN ENERGY DELIVERY - ENERGY NORTH,Investor Owned,matched,primary,1,no,yes,LIBERTY UTILITIES (ENERGYNORTH),eia:17675803NH,5263791.0,71694615.0,79129.0,2938327.0,32707439.0,9173.0,15698570.0,14866756.0,,1379.329,68496.0,9.311,14.373,,648.987,613.997,92.411,92.411,0.25,,,,613.997,0.0,0.0,5872.0,1013.0,,14931.0,46371.0,,0.0,,,269.0,40.0,0.0,89.707,5.641,36.067,245.794,110.342,276.52,232.728,279.987,102.543,,1379.329,823.0,3833.0,449.0,656.0,6287.0,4918.0,15410.0,13679.0,14753.0,7688.0,,68496.0,46.0,20500.0,2.37
17675803NH,16667,NH,NH,2017,LIBERTY UTILITIES DBA ENERGY NORTH,LIBERTY UTILITIES DBA ENERGY NORTH,KEYSPAN ENERGY DELIVERY - ENERGY NORTH,Investor Owned,matched,primary,1,no,yes,LIBERTY UTILITIES (ENERGYNORTH),eia:17675803NH,5619860.0,77577016.0,79810.0,3125228.0,35754405.0,9172.0,16470704.0,15814405.0,,1394.639,69516.0,7.211,14.317,,648.507,646.727,77.627,77.628,0.25,,,,646.727,0.0,0.0,5468.0,1005.0,,14771.0,47964.0,,0.0,,,269.0,39.0,0.0,82.837,4.892,34.381,244.551,110.114,276.409,232.675,280.547,128.233,,1394.639,796.0,3517.0,421.0,624.0,6222.0,4849.0,15331.0,13649.0,14721.0,9386.0,,69516.0,40.0,22209.0,1.9
17675803NH,16667,NH,NH,2018,LIBERTY UTILITIES DBA ENERGY NORTH,LIBERTY UTILITIES DBA ENERGY NORTH,KEYSPAN ENERGY DELIVERY - ENERGY NORTH,Investor Owned,matched,primary,1,no,yes,LIBERTY UTILITIES (ENERGYNORTH),eia:17675803NH,6204394.0,90628271.0,80739.0,3593016.0,45844973.0,9348.0,17349709.0,17408971.0,,1409.65,69145.0,6.75,14.01,0.0,651.49,665.03,72.12,72.12,0.25,0.0,0.0,0.0,665.03,0.0,0.0,5255.0,647.0,0.0,14772.0,47266.0,0.0,0.0,0.0,0.0,259.0,946.0,0.0,70.97,4.35,33.21,244.8,109.61,275.68,232.41,282.82,155.8,,1409.65,93.0,3645.0,400.0,637.0,6073.0,4843.0,15041.0,13733.0,14603.0,10077.0,,69145.0,53.0,22245.0,2.01
17675803NH,16667,NH,NH,2019,LIBERTY UTILITIES DBA ENERGY NORTH,LIBERTY UTILITIES DBA ENERGY NORTH,KEYSPAN ENERGY DELIVERY - ENERGY NORTH,Investor Owned,matched,primary,1,no,yes,LIBERTY UTILITIES (ENERGYNORTH),eia:17675803NH,6149180.0,92013508.0,82090.0,3757379.0,46893382.0,9571.0,17748781.0,17282631.0,,1426.61,70113.0,5.86,11.99,0.0,650.39,701.13,56.99,56.99,0.25,0.0,0.0,0.0,701.13,0.0,0.0,4942.0,869.0,0.0,14538.0,48634.0,0.0,0.0,0.0,0.0,259.0,871.0,0.0,57.38,3.68,31.28,243.03,108.84,275.36,231.55,282.32,193.17,,1426.61,966.0,3786.0,365.0,576.0,6002.0,4815.0,15178.0,13687.0,14522.0,10216.0,,70113.0,48.0,22447.0,1.89
17675803NH,16667,NH,NH,2020,LIBERTY UTILITIES DBA ENERGY NORTH,LIBERTY UTILITIES DBA ENERGY NORTH,KEYSPAN ENERGY DELIVERY - ENERGY NORTH,Investor Owned,matched,primary,1,no,yes,LIBERTY UTILITIES (ENERGYNORTH),eia:17675803NH,5668410.0,78406965.0,83790.0,3601935.0,40297583.0,10075.0,15889155.0,15746799.0,,1434.31,70224.0,3.99,12.11,0.0,648.24,725.68,44.04,44.04,0.25,0.0,0.0,0.0,725.68,0.0,0.0,3908.0,778.0,0.0,14178.0,50392.0,0.0,0.0,0.0,0.0,245.0,723.0,0.0,45.23,2.72,29.93,241.85,107.76,274.09,231.07,281.74,207.57,12.34,1434.3,811.0,2976.0,282.0,472.0,5816.0,4643.0,14982.0,13533.0,14313.0,11782.0,614.0,70224.0,27.0,24080.0,1.94
17675803NH,16667,NH,NH,2021,LIBERTY UTILITIES DBA ENERGY NORTH,LIBERTY UTILITIES DBA ENERGY NORTH,KEYSPAN ENERGY DELIVERY - ENERGY NORTH,Investor Owned,matched,primary,1,no,yes,LIBERTY UTILITIES (ENERGYNORTH),eia:17675803NH,5689718.0,86429793.0,84743.0,3701768.0,45104639.0,10263.0,16355629.0,16030819.0,,1442.62,69287.0,3.54,12.62,0.0,648.39,737.04,40.78,40.78,0.25,0.0,0.0,0.0,737.04,0.0,0.0,3184.0,435.0,0.0,14067.0,51346.0,0.0,0.0,0.0,0.0,232.0,23.0,0.0,42.91,2.26,29.77,241.52,107.8,274.0,230.17,281.74,207.33,24.86,1442.36,259.0,2185.0,225.0,385.0,5645.0,4481.0,14749.0,13418.0,14046.0,12431.0,1463.0,69287.0,24.0,24986.0,1.33
17675803NH,16667,NH,NH,2022,LIBERTY UTILITIES DBA ENERGY NORTH,LIBERTY UTILITIES DBA ENERGY NORTH,KEYSPAN ENERGY DELIVERY - ENERGY NORTH,Investor Owned,matched,primary,1,no,yes,LIBERTY UTILITIES (ENERGYNORTH),eia:17675803NH,5685583.0,111301025.0,85055.0,3747678.0,60508384.0,10299.0,16619465.0,15829300.0,,1444.85,69396.0,4.47,11.64,0.0,645.49,748.3,34.7,34.7,0.25,0.0,0.0,0.0,748.3,0.0,0.0,2856.0,611.0,0.0,13658.0,52031.0,0.0,0.0,0.0,0.0,213.0,27.0,0.0,36.16,1.9,28.72,241.19,107.28,273.39,230.29,281.21,206.96,37.74,1444.84,99.0,2150.0,196.0,353.0,5590.0,4424.0,14606.0,13365.0,13964.0,12532.0,2117.0,69396.0,26.0,25717.0,2.79
17675803NH,16667,NH,NH,2023,LIBERTY UTILITIES DBA ENERGY NORTH,LIBERTY UTILITIES DBA ENERGY NORTH,KEYSPAN ENERGY DELIVERY - ENERGY NORTH,Investor Owned,matched,primary,1,no,yes,LIBERTY UTILITIES (ENERGYNORTH),eia:17675803NH,5371384.0,107020269.0,86825.0,3635453.0,59315433.0,10685.0,15891928.0,16362205.0,,1462.33,69632.0,3.95,10.63,0.0,650.54,766.25,30.71,30.71,0.25,0.0,0.0,0.0,766.25,0.0,0.0,2800.0,567.0,0.0,13668.0,52358.0,0.0,0.0,0.0,0.0,213.0,26.0,0.0,36.16,1.9,28.72,241.19,107.28,273.39,230.29,281.21,206.96,55.23,1462.33,99.0,2150.0,196.0,353.0,5590.0,4424.0,14606.0,13365.0,13964.0,12532.0,2353.0,69632.0,22.0,26644.0,3.59
17675803NH,16667,NH,NH,2024,LIBERTY UTILITIES DBA ENERGY NORTH,LIBERTY UTILITIES DBA ENERGY NORTH,KEYSPAN ENERGY DELIVERY - ENERGY NORTH,Investor Owned,matched,primary,1,no,yes,LIBERTY UTILITIES (ENERGYNORTH),eia:17675803NH,5248062.0,92927997.0,86625.0,3389822.0,45860540.0,10594.0,15999714.0,15391610.0,,1458.21,69803.0,3.01,14.96,0.0,643.91,771.91,24.42,24.42,0.0,0.0,0.0,0.0,771.91,0.0,0.0,2762.0,552.0,0.0,13668.0,52585.0,0.0,0.0,0.0,0.0,212.0,24.0,0.0,25.92,1.17,27.67,240.54,106.6,272.63,228.93,280.5,205.87,64.87,1454.7,98.0,2143.0,190.0,345.0,5570.0,4421.0,14600.0,13364.0,13959.0,12532.0,2581.0,69803.0,25.0,23847.0,0.34
17675803NH,16667,NH,NH,2025,LIBERTY UTILITIES DBA ENERGY NORTH,LIBERTY UTILITIES DBA ENERGY NORTH,KEYSPAN ENERGY DELIVERY - ENERGY NORTH,Investor Owned,matched,primary,1,no,yes,LIBERTY UTILITIES (ENERGYNORTH),eia:17675803NH,,,,,,,,,,1449.85,70752.0,2.44,12.66,0.0,641.45,771.51,21.79,21.79,0.0,0.0,0.0,0.0,771.51,0.0,0.0,2330.0,476.0,0.0,12832.0,54315.0,23.0,23.0,0.0,0.0,158.0,618.0,0.0,23.36,1.04,27.36,239.9,106.23,272.13,228.17,280.18,206.0,65.48,1449.85,99.0,2150.0,114.0,261.0,4819.0,3644.0,14606.0,13313.0,13815.0,12530.0,5401.0,70752.0,22.0,23215.0,2.91
17694421NH,,,NH,2000,MARITIMES NORTHEAST PIPELINE LLC,MARITIMES NORTHEAST PIPELINE LLC,,,eia_only,,,,no,,,,,,,,,110102050.0,110060971.0,,,,,,,,,,,,,,,,,,,,,,,,,,,,,,,,,,,,,,,,,,,,,,,,,,,,,,,
17694421NH,,,NH,2002,MARITIMES NORTHEAST PIPELINE LLC,MARITIMES NORTHEAST PIPELINE LLC,,,eia_only,,,,no,,,,,,,,,80409325.0,80291552.0,,,,,,,,,,,,,,,,,,,,,,,,,,,,,,,,,,,,,,,,,,,,,,,,,,,,,,,
17694421NH,,,NH,2003,MARITIMES NORTHEAST PIPELINE LLC,MARITIMES NORTHEAST PIPELINE LLC,,,eia_only,,,,no,,,,,,,,,74127040.0,74047763.0,,,,,,,,,,,,,,,,,,,,,,,,,,,,,,,,,,,,,,,,,,,,,,,,,,,,,,,
17694421NH,,,NH,2004,MARITIMES NORTHEAST PIPELINE LLC,MARITIMES NORTHEAST PIPELINE LLC,,,eia_only,,,,no,,,,,,,,,73234392.0,73159890.0,,,,,,,,,,,,,,,,,,,,,,,,,,,,,,,,,,,,,,,,,,,,,,,,,,,,,,,
17694421NH,,,NH,2005,MARITIMES NORTHEAST PIPELINE LLC,MARITIMES NORTHEAST PIPELINE LLC,,,eia_only,,,,no,,,,,,,,,75541522.0,75467223.0,,,,,,,,,,,,,,,,,,,,,,,,,,,,,,,,,,,,,,,,,,,,,,,,,,,,,,,
17694421NH,,,NH,2006,MARITIMES NORTHEAST PIPELINE LLC,MARITIMES NORTHEAST PIPELINE LLC,,,eia_only,,,,no,,,,,,,,,53864445.0,53821049.0,,,,,,,,,,,,,,,,,,,,,,,,,,,,,,,,,,,,,,,,,,,,,,,,,,,,,,,
17694421NH,,,NH,2007,MARITIMES NORTHEAST PIPELINE LLC,MARITIMES NORTHEAST PIPELINE LLC,,,eia_only,,,,no,,,,,,,,,75845732.0,75923277.0,,,,,,,,,,,,,,,,,,,,,,,,,,,,,,,,,,,,,,,,,,,,,,,,,,,,,,,
17694421NH,,,NH,2008,MARITIMES NORTHEAST PIPELINE LLC,MARITIMES NORTHEAST PIPELINE LLC,,,eia_only,,,,no,,,,,,,,,72508538.0,72517912.0,,,,,,,,,,,,,,,,,,,,,,,,,,,,,,,,,,,,,,,,,,,,,,,,,,,,,,,
17694421NH,,,NH,2009,MARITIMES NORTHEAST PIPELINE LLC,MARITIMES NORTHEAST PIPELINE LLC,,,eia_only,,,,no,,,,,,,,,91904502.0,91969007.0,,,,,,,,,,,,,,,,,,,,,,,,,,,,,,,,,,,,,,,,,,,,,,,,,,,,,,,
17694421NH,,,NH,2010,MARITIMES NORTHEAST PIPELINE LLC,MARITIMES NORTHEAST PIPELINE LLC,,,eia_only,,,,no,,,,,,,,,119105062.0,119206064.0,110700.0,,,,,,,,,,,,,,,,,,,,,,,,,,,,,,,,,,,,,,,,,,,,,,,,,,,,,,
17694421NH,,,NH,2011,MARITIMES NORTHEAST PIPELINE LLC,MARITIMES NORTHEAST PIPELINE LLC,,,eia_only,,,,no,,,,,,,,,91115768.0,91297898.0,89123.0,,,,,,,,,,,,,,,,,,,,,,,,,,,,,,,,,,,,,,,,,,,,,,,,,,,,,,
17694421NH,,,NH,2012,MARITIMES NORTHEAST PIPELINE LLC,MARITIMES NORTHEAST PIPELINE LLC,,,eia_only,,,,no,,,,,,,,,44352333.0,44383646.0,,,,,,,,,,,,,,,,,,,,,,,,,,,,,,,,,,,,,,,,,,,,,,,,,,,,,,,
17694421NH,,,NH,2013,MARITIMES NORTHEAST PIPELINE LLC,MARITIMES NORTHEAST PIPELINE LLC,,,eia_only,,,,no,,,,,,,,,37618314.0,37700103.0,,,,,,,,,,,,,,,,,,,,,,,,,,,,,,,,,,,,,,,,,,,,,,,,,,,,,,,
17694421NH,,,NH,2014,MARITIMES NORTHEAST PIPELINE LLC,MARITIMES NORTHEAST PIPELINE LLC,,,eia_only,,,,no,,,,,,,,,60565943.0,60596846.0,,,,,,,,,,,,,,,,,,,,,,,,,,,,,,,,,,,,,,,,,,,,,,,,,,,,,,,
17694421NH,,,NH,2015,MARITIMES NORTHEAST PIPELINE LLC,MARITIMES NORTHEAST PIPELINE LLC,,,eia_only,,,,no,,,,,,,,,50440467.0,50417091.0,,,,,,,,,,,,,,,,,,,,,,,,,,,,,,,,,,,,,,,,,,,,,,,,,,,,,,,
17694421NH,,,NH,2016,MARITIMES NORTHEAST PIPELINE LLC,MARITIMES NORTHEAST PIPELINE LLC,,,eia_only,,,,no,,,,,,,,,32713408.0,32763932.0,,,,,,,,,,,,,,,,,,,,,,,,,,,,,,,,,,,,,,,,,,,,,,,,,,,,,,,
17694421NH,,,NH,2017,MARITIMES NORTHEAST PIPELINE LLC,MARITIMES NORTHEAST PIPELINE LLC,,,eia_only,,,,no,,,,,,,,,25344425.0,25309099.0,,,,,,,,,,,,,,,,,,,,,,,,,,,,,,,,,,,,,,,,,,,,,,,,,,,,,,,
17694421NH,,,NH,2018,MARITIMES NORTHEAST PIPELINE LLC,MARITIMES NORTHEAST PIPELINE LLC,,,eia_only,,,,no,,,,,,,,,34742474.0,34779701.0,,,,,,,,,,,,,,,,,,,,,,,,,,,,,,,,,,,,,,,,,,,,,,,,,,,,,,,
17694421NH,,,NH,2019,MARITIMES NORTHEAST PIPELINE LLC,MARITIMES NORTHEAST PIPELINE LLC,,,eia_only,,,,no,,,,,,,,,25298571.0,25330190.0,,,,,,,,,,,,,,,,,,,,,,,,,,,,,,,,,,,,,,,,,,,,,,,,,,,,,,,
17694421NH,,,NH,2020,MARITIMES NORTHEAST PIPELINE LLC,MARITIMES NORTHEAST PIPELINE LLC,,,eia_only,,,,no,,,,,,,,,26867991.0,26843647.0,,,,,,,,,,,,,,,,,,,,,,,,,,,,,,,,,,,,,,,,,,,,,,,,,,,,,,,
17694421NH,,,NH,2021,MARITIMES NORTHEAST PIPELINE LLC,MARITIMES NORTHEAST PIPELINE LLC,,,eia_only,,,,no,,,,,,,,,20642767.0,20531284.0,,,,,,,,,,,,,,,,,,,,,,,,,,,,,,,,,,,,,,,,,,,,,,,,,,,,,,,
17694421NH,,,NH,2022,MARITIMES NORTHEAST PIPELINE LLC,MARITIMES NORTHEAST PIPELINE LLC,,,eia_only,,,,no,,,,,,,,,23499525.0,23524727.0,,,,,,,,,,,,,,,,,,,,,,,,,,,,,,,,,,,,,,,,,,,,,,,,,,,,,,,
17694421NH,,,NH,2023,MARITIMES NORTHEAST PIPELINE LLC,MARITIMES NORTHEAST PIPELINE LLC,,,eia_only,,,,no,,,,,,,,,12000624.0,11952698.0,,,,,,,,,,,,,,,,,,,,,,,,,,,,,,,,,,,,,,,,,,,,,,,,,,,,,,,
17694421NH,,,NH,2024,MARITIMES NORTHEAST PIPELINE LLC,MARITIMES NORTHEAST PIPELINE LLC,,,eia_only,,,,no,,,,,,,,,24232328.0,24236597.0,362.0,,,,,,,,,,,,,,,,,,,,,,,,,,,,,,,,,,,,,,,,,,,,,,,,,,,,,,
,31265,NH,NH,2000,NEW HAMPSHIRE GAS CORP,,NEW HAMPSHIRE GAS CORP,nan,phmsa_only,primary,1,no,no,,,,,,,,,,,,27.0,997.0,0.0,1.0,0.0,2.0,4.0,20.0,20.0,,0.0,0.0,0.0,4.0,0.0,0.0,5.0,8.0,0.0,30.0,415.0,539.0,539.0,,0.0,0.0,0.0,,,,,,,,,,,,,,,,,,,,,,,,,,,7.1
,31265,NH,NH,2001,NEW HAMPSHIRE GAS CORP,,NEW HAMPSHIRE GAS CORP,nan,phmsa_only,primary,1,no,no,,,,,,,,,,,,27.0,975.0,0.0,1.0,0.0,3.0,4.0,19.0,20.0,,0.0,0.0,0.0,4.0,0.0,0.0,4.0,8.0,0.0,29.0,437.0,497.0,497.0,,0.0,0.0,0.0,,,,,,,,,,,,,,,,,,,,,,,,,,,6.0
,31265,NH,NH,2002,NEW HAMPSHIRE GAS CORP,,NEW HAMPSHIRE GAS CORP,nan,phmsa_only,primary,1,no,no,,,,,,,,,,,,27.0,810.0,0.0,1.0,0.0,2.0,5.0,19.0,19.0,,0.0,0.0,0.0,5.0,0.0,0.0,2.0,7.0,0.0,27.0,466.0,308.0,308.0,,0.0,0.0,0.0,,,,,,,,,,,,,,,,,,,,,,,,,,,5.02
,31265,NH,NH,2003,NEW HAMPSHIRE GAS CORP,,NEW HAMPSHIRE GAS CORP,nan,phmsa_only,primary,1,no,no,,,,,,,,,,,,26.0,767.0,0.0,1.0,0.0,2.0,5.0,18.0,18.0,,0.0,0.0,0.0,5.0,0.0,0.0,2.0,7.0,0.0,26.0,501.0,231.0,231.0,,0.0,0.0,0.0,,,,,,,,,,,,,,,,,,,,,,,,,,,7.59
,31265,NH,NH,2004,NEW HAMPSHIRE GAS CORP,,NEW HAMPSHIRE GAS CORP,nan,phmsa_only,primary,1,no,no,,,,,,,,,,,,27.0,793.0,0.0,0.0,0.0,3.0,7.0,17.0,17.0,,0.0,0.0,0.0,7.0,0.0,0.0,2.0,7.0,0.0,24.0,552.0,208.0,208.0,,0.0,0.0,0.0,0.0,17.0,0.0,0.0,3.0,0.0,1.0,2.0,4.0,,,27.0,0.0,188.0,14.0,1.0,11.0,17.0,61.0,296.0,205.0,,,793.0,,,7.94
,31265,NH,NH,2005,NEW HAMPSHIRE GAS CORP,,NEW HAMPSHIRE GAS CORP,nan,phmsa_only,primary,1,no,no,,,,,,,,,,,,27.5,817.0,0.0,0.5,0.0,2.5,7.5,17.0,17.0,,0.0,0.0,0.0,7.5,0.0,0.0,2.0,5.0,0.0,22.0,587.0,201.0,201.0,,0.0,0.0,0.0,0.0,16.5,0.5,0.0,2.5,0.25,0.5,2.25,5.0,,,27.5,0.0,180.0,14.0,1.0,10.0,16.0,59.0,294.0,243.0,,,817.0,,,7.05
,31265,NH,NH,2006,NEW HAMPSHIRE GAS CORP,,NEW HAMPSHIRE GAS CORP,nan,phmsa_only,primary,1,no,no,,,,,,,,,,,,27.81,825.0,0.0,0.316,0.0,2.762,8.401,16.331,16.331,,0.0,0.0,0.0,8.401,0.0,0.0,0.0,4.0,0.0,19.0,609.0,193.0,193.0,,0.0,0.0,0.0,0.0,16.01,0.32,0.0,2.57,0.36,0.51,2.15,5.88,,,27.8,0.0,172.0,14.0,1.0,8.0,13.0,57.0,288.0,272.0,,,825.0,,,6.44
,31265,NH,NH,2007,NEW HAMPSHIRE GAS CORP,,NEW HAMPSHIRE GAS CORP,nan,phmsa_only,primary,1,no,no,,,,,,,,,,,,28.037,821.0,0.0,0.152,0.0,2.835,9.769,15.281,15.281,,0.0,0.0,0.0,9.769,0.0,0.0,0.0,4.0,0.0,18.0,626.0,173.0,173.0,,0.0,0.0,0.0,0.0,15.04,0.24,0.0,2.52,0.36,0.47,2.07,7.33,,,28.03,0.0,156.0,13.0,1.0,5.0,12.0,53.0,281.0,300.0,,,821.0,,,3.44
,31265,NH,NH,2008,NEW HAMPSHIRE GAS CORP,,NEW HAMPSHIRE GAS CORP,nan,phmsa_only,primary,1,no,no,,,,,,,,,,,,28.446,831.0,0.0,0.152,0.0,2.833,10.881,14.58,14.58,,0.0,0.0,0.0,10.881,0.0,0.0,0.0,4.0,0.0,16.0,662.0,149.0,149.0,,0.0,0.0,0.0,0.0,14.34,0.239,0.0,2.519,0.355,0.474,2.019,8.5,,,28.446,0.0,132.0,12.0,1.0,5.0,12.0,49.0,257.0,363.0,,,831.0,,,3.25
,31265,NH,NH,2009,NEW HAMPSHIRE GAS CORP,,NEW HAMPSHIRE GAS CORP,nan,phmsa_only,primary,1,no,no,,,,,,,,,,,,28.803,849.0,0.0,0.115,0.0,2.799,11.972,13.917,13.917,,0.0,0.0,0.0,11.972,0.0,0.0,0.0,4.0,0.0,16.0,715.0,114.0,114.0,,0.0,0.0,0.0,0.0,13.679,0.239,0.0,2.448,0.355,0.463,2.019,9.6,,,28.803,0.0,99.0,10.0,1.0,5.0,11.0,46.0,249.0,428.0,,,849.0,,,3.48
,31265,NH,NH,2010,NEW HAMPSHIRE GAS CORP,,NEW HAMPSHIRE GAS CORP,nan,phmsa_only,primary,1,no,no,,,,,,,,,,,,29.204,843.0,0.0,0.115,0.0,2.799,13.677,12.613,12.613,,0.0,0.0,0.0,13.677,0.0,0.0,0.0,4.0,0.0,15.0,740.0,84.0,84.0,,0.0,0.0,0.0,0.0,12.385,0.228,0.0,2.447,0.355,0.454,1.914,9.507,1.914,,29.204,0.0,71.0,8.0,1.0,4.0,11.0,45.0,234.0,409.0,60.0,,843.0,0.0,0.0,1.66
,31265,NH,NH,2011,NEW HAMPSHIRE GAS CORP,,NEW HAMPSHIRE GAS CORP,nan,phmsa_only,primary,1,no,no,,,,,,,,,,,,29.303,851.0,0.0,0.115,0.0,2.777,14.444,11.967,11.967,,0.0,0.0,0.0,14.444,0.0,0.0,0.0,4.0,0.0,15.0,777.0,55.0,55.0,,0.0,0.0,0.0,0.0,11.829,0.138,0.0,2.425,0.356,0.454,1.878,9.507,2.716,,29.303,0.0,46.0,5.0,1.0,4.0,11.0,44.0,222.0,402.0,116.0,,851.0,0.0,802.0,2.92
,31265,NH,NH,2012,NEW HAMPSHIRE GAS CORP,,NEW HAMPSHIRE GAS CORP,nan,phmsa_only,primary,1,no,no,,,,,,,,,,,,29.459,865.0,0.0,0.115,0.0,2.723,15.141,11.48,11.48,,0.0,0.0,0.0,15.141,0.0,0.0,0.0,5.0,0.0,13.0,805.0,42.0,42.0,,0.0,0.0,0.0,0.0,11.342,0.138,0.0,2.372,0.355,0.437,1.861,9.309,3.645,,29.459,0.0,35.0,3.0,1.0,4.0,11.0,42.0,217.0,394.0,158.0,,865.0,2.0,726.0,1.13
,31265,NH,NH,2013,NEW HAMPSHIRE GAS CORP,,NEW HAMPSHIRE GAS CORP,nan,phmsa_only,primary,1,no,no,,,,,,,,,,,,29.707,871.0,0.0,0.113,0.0,2.725,15.84,11.029,11.029,,0.0,0.0,0.0,15.84,0.0,0.0,0.0,0.0,0.0,14.0,822.0,35.0,35.0,,0.0,0.0,0.0,0.0,10.89,0.137,0.0,2.372,0.355,0.439,1.861,9.122,4.531,,29.707,0.0,28.0,3.0,0.0,3.0,10.0,37.0,210.0,393.0,187.0,,871.0,0.0,767.0,1.64
,31265,NH,NH,2014,NEW HAMPSHIRE GAS CORP,,NEW HAMPSHIRE GAS CORP,nan,phmsa_only,primary,1,no,no,,,,,,,,,,,,30.064,876.0,0.0,0.113,0.0,2.288,16.824,10.839,10.839,,0.0,0.0,0.0,16.824,0.0,0.0,0.0,0.0,0.0,14.0,831.0,31.0,31.0,,0.0,0.0,0.0,0.0,10.7,0.137,0.0,1.934,0.355,0.439,1.861,9.046,5.592,,30.064,0.0,24.0,3.0,0.0,3.0,10.0,37.0,209.0,392.0,198.0,,876.0,0.0,746.0,0.99
,31265,NH,NH,2019,NEW HAMPSHIRE GAS CORP,,NEW HAMPSHIRE GAS CORP,Investor Owned,phmsa_only,primary,1,no,no,,,,,,,,,,,,1.831,16.0,,,,0.034,1.797,0.0,0.0,0.0,0.0,0.0,0.0,1.797,0.0,0.0,,,,0.0,16.0,0.0,0.0,0.0,0.0,0.0,0.0,0.0,0.0,0.0,0.0,0.0,0.0,0.0,0.0,1.362,0.469,,1.831,0.0,0.0,0.0,0.0,0.0,0.0,0.0,0.0,12.0,4.0,,16.0,0.0,1.0,0.0
,31265,NH,NH,2020,NEW HAMPSHIRE GAS CORP,,NEW HAMPSHIRE GAS CORP,Investor Owned,phmsa_only,primary,1,no,no,,,,,,,,,,,,1.831,16.0,,,,0.034,1.797,0.0,0.0,0.0,0.0,0.0,0.0,1.797,0.0,0.0,,,,0.0,16.0,0.0,0.0,0.0,0.0,0.0,0.0,0.0,0.0,0.0,0.0,0.0,0.0,0.0,0.0,1.362,0.469,0.0,1.831,0.0,0.0,0.0,0.0,0.0,0.0,0.0,0.0,12.0,4.0,0.0,16.0,0.0,0.0,2.24
,31265,NH,NH,2021,NEW HAMPSHIRE GAS CORP,,NEW HAMPSHIRE GAS CORP,Investor Owned,phmsa_only,primary,1,no,no,,,,,,,,,,,,1.973,19.0,,,,0.034,1.939,0.0,0.0,0.0,0.0,0.0,0.0,1.939,0.0,0.0,,,,0.0,19.0,0.0,0.0,0.0,0.0,0.0,0.0,0.0,0.0,0.0,0.0,0.0,0.0,0.0,0.0,1.362,0.469,0.142,1.973,0.0,0.0,0.0,0.0,0.0,0.0,0.0,0.0,12.0,4.0,3.0,19.0,0.0,0.0,1.59
,31265,NH,NH,2022,NEW HAMPSHIRE GAS CORP,,NEW HAMPSHIRE GAS CORP,Investor Owned,phmsa_only,primary,1,no,no,,,,,,,,,,,,2.036,20.0,,,,0.034,2.002,0.0,0.0,0.0,0.0,0.0,0.0,2.002,0.0,0.0,,,,0.0,20.0,0.0,0.0,0.0,0.0,0.0,0.0,0.0,0.0,0.0,0.0,0.0,0.0,0.0,0.0,1.362,0.469,0.205,2.036,0.0,0.0,0.0,0.0,0.0,0.0,0.0,0.0,12.0,4.0,4.0,20.0,0.0,0.0,2.43
,31265,NH,NH,2023,NEW HAMPSHIRE GAS CORP,,NEW HAMPSHIRE GAS CORP,Investor Owned,phmsa_only,primary,1,no,no,,,,,,,,,,,,2.036,20.0,,,,0.034,2.002,0.0,0.0,0.0,0.0,0.0,0.0,2.002,0.0,0.0,,,,,20.0,0.0,0.0,0.0,0.0,0.0,0.0,0.0,0.0,0.0,0.0,0.0,0.0,0.0,0.0,1.362,0.469,0.205,2.036,0.0,0.0,0.0,0.0,0.0,0.0,0.0,0.0,12.0,4.0,4.0,20.0,0.0,0.0,2.31
,31265,NH,NH,2024,NEW HAMPSHIRE GAS CORP,,NEW HAMPSHIRE GAS CORP,Investor Owned,phmsa_only,primary,1,no,no,,,,,,,,,,,,2.036,20.0,,,,0.034,2.002,0.0,0.0,0.0,0.0,0.0,0.0,2.002,0.0,0.0,,,,,20.0,0.0,0.0,0.0,0.0,0.0,0.0,0.0,0.0,0.0,0.0,0.0,0.0,0.0,0.0,1.362,0.469,0.205,2.036,0.0,0.0,0.0,0.0,0.0,0.0,0.0,0.0,12.0,4.0,4.0,20.0,0.0,3.0,1.71
,31265,NH,NH,2025,NEW HAMPSHIRE GAS CORP,,NEW HAMPSHIRE GAS CORP,Investor Owned,phmsa_only,primary,1,no,no,,,,,,,,,,,,2.036,20.0,,,,0.034,2.002,0.0,0.0,0.0,0.0,0.0,0.0,2.002,0.0,0.0,,,,,20.0,0.0,0.0,0.0,0.0,0.0,0.0,0.0,0.0,0.0,0.0,0.0,0.0,0.0,0.0,1.362,0.469,0.205,2.036,0.0,0.0,0.0,0.0,0.0,0.0,0.0,0.0,12.0,4.0,4.0,20.0,0.0,4.0,-0.98
,13281,NH,NH,1998,NEW HAMPSHIRE PUBLIC UTILITY COMMISSION,,NEW HAMPSHIRE PUBLIC UTILITY COMMISSION,nan,phmsa_only,primary,1,no,no,,,,,,,,,,,,26.0,1231.0,0.0,1.0,0.0,2.0,2.0,21.0,21.0,,0.0,0.0,0.0,2.0,0.0,0.0,4.0,9.0,0.0,32.0,333.0,853.0,853.0,,0.0,0.0,0.0,,,,,,,,,,,,,,,,,,,,,,,,,,,5.0
,13281,NH,NH,1999,NEW HAMPSHIRE PUBLIC UTILITY COMMISSION,,NEW HAMPSHIRE PUBLIC UTILITY COMMISSION,nan,phmsa_only,primary,1,no,no,,,,,,,,,,,,26.0,1194.0,0.0,1.0,0.0,2.0,3.0,20.0,20.0,,0.0,0.0,0.0,3.0,0.0,0.0,4.0,8.0,0.0,31.0,381.0,770.0,771.0,,0.0,0.0,0.0,,,,,,,,,,,,,,,,,,,,,,,,,,,4.7
17600223NH,13800,NH,NH,1997,NORTHERN UTILITIES INC,NORTHERN UTILITIES INC,"NORTHERN UTILITIES, INC. (NH)",nan,matched,additional,2,no,yes,NORTHERN UTILITIES INC. (UNITIL),eia:17600223NH,,,,,,,,,,393.0,15800.0,76.0,0.0,0.0,70.0,222.0,25.0,25.0,,0.0,0.0,0.0,222.0,0.0,0.0,1538.0,43.0,0.0,499.0,13720.0,0.0,0.0,,0.0,0.0,0.0,,,,,,,,,,,,,,,,,,,,,,,,,,,1.5
17600223NH,13800,NH,NH,1997,NORTHERN UTILITIES INC,NORTHERN UTILITIES INC,"NORTHERN UTILITIES, INC. (NH)",nan,matched,primary,2,no,yes,NORTHERN UTILITIES INC. (UNITIL),eia:17600223NH,1494294.0,12827576.0,15964.0,2608978.0,18499170.0,5104.0,7877330.0,7169482.0,,393.0,15800.0,76.0,0.0,0.0,70.0,222.0,25.0,25.0,,0.0,0.0,0.0,222.0,0.0,0.0,1538.0,43.0,0.0,499.0,13720.0,0.0,0.0,,0.0,0.0,0.0,,,,,,,,,,,,,,,,,,,,,,,,,,,1.5
17600223NH,13800,NH,NH,1998,NORTHERN UTILITIES INC,NORTHERN UTILITIES INC,"NORTHERN UTILITIES, INC. (NH)",nan,matched,primary,1,no,yes,NORTHERN UTILITIES INC. (UNITIL),eia:17600223NH,1339276.0,11112977.0,16358.0,2468007.0,16531171.0,5181.0,6655812.0,6586056.0,,419.0,16258.0,82.0,1.0,0.0,72.0,250.0,14.0,14.0,,0.0,0.0,0.0,250.0,0.0,0.0,1416.0,35.0,0.0,421.0,14386.0,0.0,0.0,,0.0,0.0,0.0,,,,,,,,,,,,,,,,,,,,,,,,,,,0.68
17600223NH,13800,NH,NH,1999,NORTHERN UTILITIES INC,NORTHERN UTILITIES INC,"NORTHERN UTILITIES, INC. (NH)",nan,matched,primary,1,no,yes,NORTHERN UTILITIES INC. (UNITIL),eia:17600223NH,1419689.0,11572442.0,16870.0,2597897.0,17276918.0,5351.0,6893964.0,6720452.0,,426.0,16738.0,76.0,1.0,0.0,71.0,265.0,13.0,13.0,,0.0,0.0,0.0,265.0,0.0,0.0,1185.0,46.0,0.0,400.0,15107.0,0.0,0.0,,0.0,0.0,0.0,,,,,,,,,,,,,,,,,,,,,,,,,,,2.24
17600223NH,13800,NH,NH,2000,NORTHERN UTILITIES INC,NORTHERN UTILITIES INC,"NORTHERN UTILITIES, INC. (NH)",nan,matched,primary,1,no,yes,NORTHERN UTILITIES INC. (UNITIL),eia:17600223NH,1600732.0,16185788.0,18752.0,2779831.0,23940946.0,5674.0,6219469.0,6177971.0,,435.0,17217.0,71.0,2.0,0.0,73.0,276.0,13.0,13.0,,0.0,0.0,0.0,277.0,0.0,0.0,1068.0,59.0,0.0,382.0,15708.0,0.0,0.0,,0.0,0.0,0.0,,,,,,,,,,,,,,,,,,,,,,,,,,,3.0
17600223NH,13800,NH,NH,2001,NORTHERN UTILITIES INC,NORTHERN UTILITIES INC,"NORTHERN UTILITIES, INC. (NH)",nan,matched,primary,1,no,yes,NORTHERN UTILITIES INC. (UNITIL),eia:17600223NH,1536538.0,23352129.0,19137.0,2084010.0,22196409.0,5990.0,5926020.0,5217636.0,,440.0,17618.0,67.0,2.0,0.0,74.0,285.0,12.0,12.0,,0.0,0.0,0.0,286.0,0.0,0.0,980.0,22.0,0.0,420.0,16196.0,0.0,0.0,,0.0,0.0,0.0,,,,,,,,,,,,,,,,,,,,,,,,,,,0.0
17600223NH,13800,NH,NH,2002,NORTHERN UTILITIES INC,NORTHERN UTILITIES INC,"NORTHERN UTILITIES, INC. (NH)",nan,matched,primary,1,no,yes,NORTHERN UTILITIES INC. (UNITIL),eia:17600223NH,1511806.0,19287110.0,19733.0,2313757.0,23135591.0,5704.0,5822790.0,5990024.0,,442.0,17945.0,65.0,0.0,0.0,76.0,289.0,12.0,12.0,,0.0,0.0,0.0,0.0,0.0,0.0,888.0,15.0,0.0,408.0,16634.0,0.0,0.0,,0.0,0.0,0.0,,,,,,,,,,,,,,,,,,,,,,,,,,,0.99
17600223NH,13800,NH,NH,2003,NORTHERN UTILITIES INC,NORTHERN UTILITIES INC,"NORTHERN UTILITIES, INC. (NH)",nan,matched,primary,1,no,yes,NORTHERN UTILITIES INC. (UNITIL),eia:17600223NH,1747075.0,22767890.0,20093.0,2484260.0,27038301.0,5819.0,6679537.0,6675329.0,,450.0,18399.0,61.0,0.0,0.0,81.0,296.0,12.0,12.0,,0.0,0.0,0.0,296.0,0.0,0.0,776.0,11.0,0.0,427.0,17185.0,0.0,0.0,,0.0,0.0,0.0,,,,,,,,,,,,,,,,,,,,,,,,,,,0.0
17600223NH,13800,NH,NH,2004,NORTHERN UTILITIES INC,NORTHERN UTILITIES INC,"NORTHERN UTILITIES, INC. (NH)",nan,matched,primary,1,no,yes,NORTHERN UTILITIES INC. (UNITIL),eia:17600223NH,1711143.0,25956528.0,20533.0,2255864.0,29551181.0,5924.0,6702739.0,6714032.0,,455.0,18647.0,51.0,3.0,0.0,84.0,306.0,11.0,11.0,,0.0,0.0,0.0,306.0,0.0,0.0,735.0,11.0,0.0,370.0,17531.0,0.0,0.0,,0.0,0.0,0.0,0.0,9.0,20.0,20.0,61.0,52.0,101.0,144.0,48.0,,,455.0,0.0,557.0,390.0,1865.0,1858.0,1772.0,3386.0,5275.0,3544.0,,,18647.0,,,0.85
17600223NH,13800,NH,NH,2005,NORTHERN UTILITIES INC,NORTHERN UTILITIES INC,"NORTHERN UTILITIES, INC. (NH)",nan,matched,primary,1,no,yes,NORTHERN UTILITIES INC. (UNITIL),eia:17600223NH,1645418.0,27321633.0,20958.0,2246368.0,31685856.0,6002.0,6714092.0,6570100.0,,459.0,18855.0,47.0,1.0,0.0,85.0,315.0,11.0,11.0,,0.0,0.0,0.0,315.0,0.0,0.0,616.0,12.0,0.0,356.0,17871.0,0.0,0.0,,0.0,0.0,0.0,0.0,9.0,20.0,19.0,60.0,49.0,101.0,144.0,57.0,,,459.0,0.0,549.0,385.0,1759.0,1852.0,1682.0,3358.0,5210.0,4060.0,,,18855.0,,,0.1
17600223NH,13800,NH,NH,2006,NORTHERN UTILITIES INC,NORTHERN UTILITIES INC,"NORTHERN UTILITIES, INC. (NH)",nan,matched,primary,1,no,yes,NORTHERN UTILITIES INC. (UNITIL),eia:17600223NH,1410823.0,24871511.0,21001.0,1879115.0,28629500.0,5754.0,6479275.0,6101808.0,,465.0,18833.0,41.0,1.0,0.0,86.0,326.0,11.0,11.0,,0.0,0.0,0.0,326.0,0.0,0.0,575.0,11.0,0.0,356.0,17891.0,0.0,0.0,,0.0,0.0,0.0,0.0,9.0,20.0,17.0,59.0,46.0,100.0,143.0,71.0,,,465.0,0.0,529.0,374.0,1651.0,1835.0,1611.0,3313.0,5134.0,4386.0,,,18833.0,,,5.08
17600223NH,13800,NH,NH,2007,NORTHERN UTILITIES INC,NORTHERN UTILITIES INC,"NORTHERN UTILITIES, INC. (NH)",nan,matched,primary,1,no,yes,NORTHERN UTILITIES INC. (UNITIL),eia:17600223NH,1633183.0,29000546.0,21179.0,2103277.0,32836679.0,5739.0,7259265.0,7181290.0,,469.0,19009.0,36.0,3.0,0.0,84.0,335.0,11.0,11.0,,0.0,0.0,0.0,335.0,0.0,0.0,468.0,13.0,0.0,349.0,18179.0,0.0,0.0,,0.0,0.0,0.0,0.0,9.0,20.0,16.0,59.0,43.0,100.0,143.0,79.0,,,469.0,0.0,521.0,366.0,1561.0,1834.0,1529.0,3300.0,5071.0,4827.0,,,19009.0,,,0.7
17600223NH,13800,NH,NH,2008,NORTHERN UTILITIES INC,NORTHERN UTILITIES INC,"NORTHERN UTILITIES, INC. (NH)",nan,matched,primary,1,no,yes,NORTHERN UTILITIES INC. (UNITIL),eia:17600223NH,1452456.0,25208049.0,21209.0,1861191.0,28690667.0,5472.0,6784994.0,6709876.0,,470.27,19288.0,39.27,0.1,0.0,80.8,339.39,10.71,10.71,,0.0,0.0,0.0,339.39,0.0,0.0,374.0,13.0,0.0,353.0,18548.0,0.0,0.0,,0.0,0.0,0.0,0.0,8.0,20.0,15.0,59.0,41.0,100.0,143.0,84.0,,,470.0,0.0,501.0,363.0,1508.0,1828.0,1470.0,3287.0,5048.0,5283.0,,,19288.0,,,0.57
17600223NH,13800,NH,NH,2009,NORTHERN UTILITIES INC,NORTHERN UTILITIES INC,"NORTHERN UTILITIES, INC. (NH)",nan,matched,primary,1,no,yes,NORTHERN UTILITIES INC. (UNITIL),eia:17600223NH,1556474.0,26214617.0,21855.0,1835083.0,27631373.0,5733.0,6915793.0,6618052.0,,484.82,19468.0,33.18,0.0,0.0,82.1,358.06,11.33,11.33,,0.0,0.0,0.15,358.06,0.0,0.15,282.0,0.0,0.0,380.0,18806.0,0.0,0.0,,0.0,0.0,0.0,45.66,11.2,2.18,3.68,19.7,30.06,79.83,200.04,92.47,,,484.82,0.0,133.0,9.0,1526.0,22.0,861.0,3237.0,7417.0,6263.0,,,19468.0,,,0.0
17600223NH,13800,NH,NH,2010,NORTHERN UTILITIES INC,NORTHERN UTILITIES INC,"NORTHERN UTILITIES, INC. (NH)",nan,matched,primary,1,no,yes,NORTHERN UTILITIES INC. (UNITIL),eia:17600223NH,1481017.0,23228029.0,22136.0,1618514.0,21358069.0,5667.0,6414350.0,6449511.0,45711.0,498.94,20868.0,28.34,4.42,0.0,80.89,375.51,9.63,9.63,,0.0,0.0,0.15,375.51,0.0,0.0,431.0,141.0,2.0,160.0,20072.0,5.0,5.0,,0.0,0.0,57.0,46.76,9.12,1.03,2.81,17.62,29.67,80.7,203.56,97.01,10.66,,498.94,0.0,132.0,12.0,834.0,50.0,941.0,3674.0,8759.0,6059.0,407.0,,20868.0,27.0,10420.0,0.9
17600223NH,13800,NH,NH,2011,NORTHERN UTILITIES INC,NORTHERN UTILITIES INC,"NORTHERN UTILITIES, INC. (NH)",nan,matched,primary,1,no,yes,NORTHERN UTILITIES INC. (UNITIL),eia:17600223NH,1565895.0,25714250.0,22447.0,1703927.0,23783469.0,5687.0,6722675.0,6726269.0,30408.0,499.79,21116.0,25.85,4.42,0.0,80.57,380.86,7.94,7.94,,0.0,0.0,0.15,380.86,0.0,0.0,360.0,127.0,7.0,148.0,20426.0,2.0,2.0,,0.0,0.0,46.0,45.05,7.48,0.98,2.62,16.5,29.52,80.56,201.05,96.73,19.3,,499.79,0.0,101.0,10.0,745.0,46.0,915.0,3696.0,8741.0,5866.0,996.0,,21116.0,30.0,9940.0,0.74
17600223NH,13800,NH,NH,2012,NORTHERN UTILITIES INC,NORTHERN UTILITIES INC,"NORTHERN UTILITIES, INC. (NH)",nan,matched,primary,1,no,yes,NORTHERN UTILITIES INC. (UNITIL),eia:17600223NH,1428247.0,23609439.0,22663.0,1424986.0,19674302.0,5604.0,6489433.0,6438388.0,16051.0,507.79,21485.0,22.37,1.91,0.0,82.46,394.65,6.25,6.25,,0.0,0.0,0.15,394.65,0.0,0.0,294.0,111.0,6.0,143.0,20882.0,2.0,2.0,,0.0,0.0,47.0,41.28,5.77,0.26,2.46,15.15,29.2,81.69,199.29,96.72,35.97,,507.79,0.0,59.0,8.0,259.0,41.0,945.0,3681.0,8679.0,5890.0,1923.0,,21485.0,42.0,10387.0,2.45
17600223NH,13800,NH,NH,2013,NORTHERN UTILITIES INC,NORTHERN UTILITIES INC,"NORTHERN UTILITIES, INC. (NH)",nan,matched,primary,1,no,yes,NORTHERN UTILITIES INC. (UNITIL),eia:17600223NH,1643125.0,24678330.0,23200.0,1626184.0,19482116.0,5641.0,7299460.0,7355839.0,47498.0,513.89,21889.0,18.92,1.37,0.0,82.05,407.6,3.79,3.79,,0.0,0.0,0.16,407.6,0.0,0.0,228.0,115.0,6.0,133.0,21360.0,2.0,2.0,,0.0,0.0,45.0,38.95,4.16,0.26,2.02,14.18,28.64,80.73,199.9,97.16,47.89,,513.89,0.0,45.0,8.0,241.0,36.0,917.0,3589.0,8591.0,5850.0,2612.0,,21889.0,36.0,11649.0,0.66
17600223NH,13800,NH,NH,2014,NORTHERN UTILITIES INC,NORTHERN UTILITIES INC,"NORTHERN UTILITIES, INC. (NH)",nan,matched,primary,1,no,yes,NORTHERN UTILITIES INC. (UNITIL),eia:17600223NH,1809916.0,31284765.0,23842.0,1958214.0,27282410.0,5525.0,7802527.0,7970938.0,64280.0,520.07,22327.0,11.56,1.94,0.05,79.56,423.69,3.27,3.27,,0.0,0.0,0.0,423.69,0.0,0.0,170.0,122.0,6.0,129.0,21858.0,0.0,0.0,,0.0,0.0,42.0,24.08,3.3,0.15,1.62,10.93,27.21,83.23,200.62,97.85,71.08,,520.07,0.0,23.0,8.0,200.0,33.0,850.0,3443.0,8419.0,5792.0,3559.0,,22327.0,37.0,11944.0,0.45
17600223NH,13800,NH,NH,2015,NORTHERN UTILITIES INC,NORTHERN UTILITIES INC,"NORTHERN UTILITIES, INC. (NH)",Investor Owned,matched,primary,1,no,yes,NORTHERN UTILITIES INC. (UNITIL),eia:17600223NH,1794888.0,31650546.0,24867.0,1958716.0,25841312.0,5885.0,8131398.0,8138068.0,67187.0,524.47,22721.0,6.4,0.6,0.0,79.15,435.91,2.41,2.41,0.0,0.0,0.0,0.0,435.91,0.0,0.0,70.0,70.0,0.0,189.0,22355.0,0.0,0.0,0.0,0.0,0.0,37.0,17.83,2.07,0.15,0.34,8.21,26.79,81.91,204.06,98.45,84.66,,524.47,0.0,18.0,7.0,105.0,28.0,804.0,3401.0,8309.0,5729.0,4320.0,,22721.0,31.0,11738.0,1.55
17600223NH,13800,NH,NH,2016,NORTHERN UTILITIES INC,NORTHERN UTILITIES INC,"NORTHERN UTILITIES, INC. (NH)",Investor Owned,matched,primary,1,no,yes,NORTHERN UTILITIES INC. (UNITIL),eia:17600223NH,1597489.0,26084639.0,25355.0,1630060.0,19210871.0,5905.0,8077110.0,7688383.0,63123.0,530.29,22982.0,1.52,0.41,0.0,79.59,447.36,1.41,1.41,0.0,0.0,0.0,0.0,447.36,0.0,0.0,52.0,53.0,1.0,201.0,22642.0,0.0,0.0,0.0,0.0,0.0,33.0,14.61,0.87,0.14,0.21,5.46,26.13,83.18,200.6,98.73,100.36,,530.29,0.0,16.0,5.0,87.0,27.0,769.0,3348.0,8160.0,5674.0,4896.0,,22982.0,31.0,12209.0,1.56
17600223NH,13800,NH,NH,2017,NORTHERN UTILITIES INC,NORTHERN UTILITIES INC,"NORTHERN UTILITIES, INC. (NH)",Investor Owned,matched,primary,1,no,yes,NORTHERN UTILITIES INC. (UNITIL),eia:17600223NH,1711595.0,29068864.0,25730.0,1778754.0,21664511.0,5893.0,8090476.0,7885552.0,56755.0,537.37,23375.0,0.0,0.07,0.0,80.22,457.08,0.0,0.0,0.0,0.0,0.0,0.0,457.08,0.0,0.0,0.0,0.0,0.0,246.0,23129.0,0.0,0.0,0.0,0.0,0.0,0.0,13.38,0.04,0.14,0.0,5.04,25.46,82.22,199.71,98.47,112.91,,537.37,0.0,10.0,3.0,56.0,24.0,735.0,3260.0,8037.0,5637.0,5613.0,,23375.0,37.0,13459.0,2.24
17600223NH,13800,NH,NH,2018,NORTHERN UTILITIES INC,NORTHERN UTILITIES INC,"NORTHERN UTILITIES, INC. (NH)",Investor Owned,matched,primary,1,no,yes,NORTHERN UTILITIES INC. (UNITIL),eia:17600223NH,1929719.0,34243403.0,26708.0,2119647.0,26812821.0,5823.0,8491525.0,8591793.0,76792.0,543.8,23640.0,0.0,0.0,0.0,79.85,463.95,0.0,0.0,0.0,0.0,0.0,0.0,463.95,0.0,0.0,0.0,0.0,0.0,244.0,23396.0,0.0,0.0,0.0,0.0,0.0,0.0,13.1,0.04,0.14,0.0,4.91,25.2,81.44,198.09,98.43,122.45,,543.8,0.0,0.0,0.0,58.0,23.0,725.0,3239.0,7952.0,5607.0,6036.0,,23640.0,22.0,12929.0,0.43
17600223NH,13800,NH,NH,2019,NORTHERN UTILITIES INC,NORTHERN UTILITIES INC,"NORTHERN UTILITIES, INC. (NH)",Investor Owned,matched,primary,1,no,yes,NORTHERN UTILITIES INC. (UNITIL),eia:17600223NH,1885234.0,34517228.0,27213.0,2087876.0,26028694.0,6014.0,8668371.0,8627153.0,91557.0,556.04,23919.0,0.0,0.0,0.0,79.63,476.41,0.0,0.0,0.0,0.0,0.0,0.0,476.41,0.0,0.0,0.0,2.0,0.0,247.0,23670.0,0.0,0.0,0.0,0.0,0.0,0.0,12.5,0.04,0.06,0.0,4.9,24.48,82.14,198.15,98.02,135.75,,556.04,0.0,0.0,0.0,56.0,23.0,718.0,3222.0,7916.0,5597.0,6387.0,,23919.0,23.0,14112.0,1.08
17600223NH,13800,NH,NH,2020,NORTHERN UTILITIES INC,NORTHERN UTILITIES INC,"NORTHERN UTILITIES, INC. (NH)",Investor Owned,matched,primary,1,no,yes,NORTHERN UTILITIES INC. (UNITIL),eia:17600223NH,1734809.0,30092917.0,28232.0,1798088.0,20648455.0,6065.0,7825193.0,7844468.0,84065.0,566.69,24229.0,0.03,,,79.75,486.91,0.0,0.0,0.0,0.0,0.0,0.0,486.91,0.0,0.0,0.0,3.0,,248.0,23978.0,0.0,0.0,0.0,0.0,0.0,0.0,12.48,0.04,0.06,0.0,4.9,23.88,82.08,197.7,98.02,134.84,12.69,566.69,0.0,0.0,0.0,56.0,23.0,715.0,3225.0,7917.0,5552.0,6391.0,350.0,24229.0,30.0,13481.0,0.98
17600223NH,13800,NH,NH,2021,NORTHERN UTILITIES INC,NORTHERN UTILITIES INC,"NORTHERN UTILITIES, INC. (NH)",Investor Owned,matched,primary,1,no,yes,NORTHERN UTILITIES INC. (UNITIL),eia:17600223NH,1748353.0,34866241.0,28831.0,1849210.0,24845136.0,6096.0,8014551.0,8085557.0,87811.0,572.51,24495.0,0.0,,,79.24,493.27,0.0,0.0,0.0,0.0,0.0,0.0,493.27,0.0,0.0,0.0,0.0,,261.0,24234.0,0.0,0.0,0.0,0.0,0.0,0.0,12.13,0.0,0.06,0.0,4.57,23.26,80.37,197.16,97.95,134.61,22.4,572.51,0.0,0.0,0.0,66.0,23.0,707.0,3102.0,7913.0,5465.0,6381.0,838.0,24495.0,26.0,15151.0,1.57
17600223NH,13800,NH,NH,2022,NORTHERN UTILITIES INC,NORTHERN UTILITIES INC,"NORTHERN UTILITIES, INC. (NH)",Investor Owned,matched,primary,1,no,yes,NORTHERN UTILITIES INC. (UNITIL),eia:17600223NH,1740318.0,41029658.0,29258.0,1879255.0,30873262.0,6023.0,8579289.0,8069124.0,,575.33,24639.0,0.0,0.14,,79.06,496.13,0.0,0.0,0.0,0.0,0.0,0.0,496.13,0.0,0.0,0.0,0.0,,265.0,24374.0,0.0,0.0,0.0,0.0,0.0,0.0,12.11,0.0,0.06,0.0,4.57,23.26,80.08,196.94,97.9,134.5,25.91,575.33,0.0,0.0,0.0,63.0,22.0,693.0,3051.0,7830.0,5423.0,6334.0,1223.0,24639.0,27.0,13764.0,0.38
17600223NH,13800,NH,NH,2023,NORTHERN UTILITIES INC,NORTHERN UTILITIES INC,"NORTHERN UTILITIES, INC. (NH)",Investor Owned,matched,primary,1,no,yes,NORTHERN UTILITIES INC. (UNITIL),eia:17600223NH,1674238.0,41065043.0,29782.0,1737138.0,26887637.0,5942.0,8194852.0,7961268.0,,578.28,24865.0,0.0,0.0,0.0,79.0,499.28,0.0,0.0,0.0,0.0,0.0,0.0,499.28,0.0,0.0,0.0,0.0,0.0,266.0,24599.0,0.0,0.0,0.0,0.0,0.0,0.0,11.8,0.0,0.0,0.0,4.57,23.32,79.51,196.61,97.73,134.24,30.5,578.28,0.0,0.0,0.0,64.0,22.0,691.0,3034.0,7806.0,5405.0,6317.0,1526.0,24865.0,20.0,13225.0,-0.09
17600223NH,13800,NH,NH,2024,NORTHERN UTILITIES INC,NORTHERN UTILITIES INC,"NORTHERN UTILITIES, INC. (NH)",Investor Owned,matched,primary,1,no,yes,NORTHERN UTILITIES INC. (UNITIL),eia:17600223NH,1661947.0,36571311.0,30067.0,1704897.0,22536203.0,6017.0,8166515.0,7874374.0,,582.05,25066.0,0.0,0.0,0.0,78.88,503.17,0.0,0.0,0.0,0.0,0.0,0.0,503.17,0.0,0.0,0.0,0.0,0.0,265.0,24801.0,0.0,0.0,0.0,0.0,0.0,0.0,11.54,0.0,0.06,0.0,4.57,23.47,79.1,195.74,97.09,134.27,36.21,582.05,0.0,0.0,0.0,63.0,21.0,681.0,3007.0,7752.0,5395.0,6300.0,1847.0,25066.0,32.0,13841.0,-0.77
17600223NH,13800,NH,NH,2025,NORTHERN UTILITIES INC,NORTHERN UTILITIES INC,"NORTHERN UTILITIES, INC. (NH)",Investor Owned,matched,primary,1,no,yes,NORTHERN UTILITIES INC. (UNITIL),eia:17600223NH,,,,,,,,,,585.53,25199.0,0.0,0.0,0.0,78.77,506.76,0.0,0.0,0.0,0.0,0.0,0.0,506.76,0.0,0.0,0.0,0.0,0.0,258.0,24941.0,0.0,0.0,0.0,0.0,0.0,0.0,11.2,0.0,0.06,0.0,4.57,23.39,78.77,195.18,96.86,134.14,41.36,585.53,0.0,0.0,0.0,61.0,21.0,665.0,2994.0,7691.0,5371.0,6268.0,2128.0,25199.0,25.0,14196.0,2.36
17695010NH,,,NH,2000,PORTLAND NATURAL GAS TRANS SYSTEM,PORTLAND NATURAL GAS TRANS SYSTEM,,,eia_only,,,,no,,,,,,,,,26500236.0,26500236.0,,,,,,,,,,,,,,,,,,,,,,,,,,,,,,,,,,,,,,,,,,,,,,,,,,,,,,,
17695010NH,,,NH,2002,PORTLAND NATURAL GAS TRANS SYSTEM,PORTLAND NATURAL GAS TRANS SYSTEM,,,eia_only,,,,no,,,,,,,,,62772581.0,62772581.0,,,,,,,,,,,,,,,,,,,,,,,,,,,,,,,,,,,,,,,,,,,,,,,,,,,,,,,
17695010NH,,,NH,2003,PORTLAND NATURAL GAS TRANS SYSTEM,PORTLAND NATURAL GAS TRANS SYSTEM,,,eia_only,,,,no,,,,,,,,,46206055.0,46206055.0,,,,,,,,,,,,,,,,,,,,,,,,,,,,,,,,,,,,,,,,,,,,,,,,,,,,,,,
17695010NH,,,NH,2004,PORTLAND NATURAL GAS TRANS SYSTEM,PORTLAND NATURAL GAS TRANS SYSTEM,,,eia_only,,,,no,,,,,,,,,57052865.0,57052865.0,,,,,,,,,,,,,,,,,,,,,,,,,,,,,,,,,,,,,,,,,,,,,,,,,,,,,,,
17695010NH,,,NH,2005,PORTLAND NATURAL GAS TRANS SYSTEM,PORTLAND NATURAL GAS TRANS SYSTEM,,,eia_only,,,,no,,,,,,,,,90132739.0,90132739.0,,,,,,,,,,,,,,,,,,,,,,,,,,,,,,,,,,,,,,,,,,,,,,,,,,,,,,,
17695010NH,,,NH,2006,PORTLAND NATURAL GAS TRANS SYSTEM,PORTLAND NATURAL GAS TRANS SYSTEM,,,eia_only,,,,no,,,,,,,,,75235517.0,75235517.0,,,,,,,,,,,,,,,,,,,,,,,,,,,,,,,,,,,,,,,,,,,,,,,,,,,,,,,
17695010NH,,,NH,2007,PORTLAND NATURAL GAS TRANS SYSTEM,PORTLAND NATURAL GAS TRANS SYSTEM,,,eia_only,,,,no,,,,,,,,,83816257.0,83816257.0,,,,,,,,,,,,,,,,,,,,,,,,,,,,,,,,,,,,,,,,,,,,,,,,,,,,,,,
17695010NH,,,NH,2008,PORTLAND NATURAL GAS TRANS SYSTEM,PORTLAND NATURAL GAS TRANS SYSTEM,,,eia_only,,,,no,,,,,,,,,63332374.0,63332375.0,,,,,,,,,,,,,,,,,,,,,,,,,,,,,,,,,,,,,,,,,,,,,,,,,,,,,,,
17695010NH,,,NH,2009,PORTLAND NATURAL GAS TRANS SYSTEM,PORTLAND NATURAL GAS TRANS SYSTEM,,,eia_only,,,,no,,,,,,,,,47920741.0,47920742.0,,,,,,,,,,,,,,,,,,,,,,,,,,,,,,,,,,,,,,,,,,,,,,,,,,,,,,,
17695010NH,,,NH,2010,PORTLAND NATURAL GAS TRANS SYSTEM,PORTLAND NATURAL GAS TRANS SYSTEM,,,eia_only,,,,no,,,,,,,,,33393001.0,33410919.0,17918.0,,,,,,,,,,,,,,,,,,,,,,,,,,,,,,,,,,,,,,,,,,,,,,,,,,,,,,
17695010NH,,,NH,2011,PORTLAND NATURAL GAS TRANS SYSTEM,PORTLAND NATURAL GAS TRANS SYSTEM,,,eia_only,,,,no,,,,,,,,,34083906.0,34096015.0,12110.0,,,,,,,,,,,,,,,,,,,,,,,,,,,,,,,,,,,,,,,,,,,,,,,,,,,,,,
17695010NH,,,NH,2012,PORTLAND NATURAL GAS TRANS SYSTEM,PORTLAND NATURAL GAS TRANS SYSTEM,,,eia_only,,,,no,,,,,,,,,46700639.0,46703158.0,2519.0,,,,,,,,,,,,,,,,,,,,,,,,,,,,,,,,,,,,,,,,,,,,,,,,,,,,,,
17695010NH,,,NH,2013,PORTLAND NATURAL GAS TRANS SYSTEM,PORTLAND NATURAL GAS TRANS SYSTEM,,,eia_only,,,,no,,,,,,,,,62117124.0,62128747.0,11623.0,,,,,,,,,,,,,,,,,,,,,,,,,,,,,,,,,,,,,,,,,,,,,,,,,,,,,,
17695010NH,,,NH,2014,PORTLAND NATURAL GAS TRANS SYSTEM,PORTLAND NATURAL GAS TRANS SYSTEM,,,eia_only,,,,no,,,,,,,,,46225532.0,46230255.0,4722.0,,,,,,,,,,,,,,,,,,,,,,,,,,,,,,,,,,,,,,,,,,,,,,,,,,,,,,
17695010NH,,,NH,2015,PORTLAND NATURAL GAS TRANS SYSTEM,PORTLAND NATURAL GAS TRANS SYSTEM,,,eia_only,,,,no,,,,,,,,,71906950.0,71911333.0,4383.0,,,,,,,,,,,,,,,,,,,,,,,,,,,,,,,,,,,,,,,,,,,,,,,,,,,,,,
17695010NH,,,NH,2016,PORTLAND NATURAL GAS TRANS SYSTEM,PORTLAND NATURAL GAS TRANS SYSTEM,,,eia_only,,,,no,,,,,,,,,68919248.0,68924242.0,4995.0,,,,,,,,,,,,,,,,,,,,,,,,,,,,,,,,,,,,,,,,,,,,,,,,,,,,,,
17695010NH,,,NH,2017,PORTLAND NATURAL GAS TRANS SYSTEM,PORTLAND NATURAL GAS TRANS SYSTEM,,,eia_only,,,,no,,,,,,,,,79890422.0,79984901.0,48036.0,,,,,,,,,,,,,,,,,,,,,,,,,,,,,,,,,,,,,,,,,,,,,,,,,,,,,,
17695010NH,,,NH,2018,PORTLAND NATURAL GAS TRANS SYSTEM,PORTLAND NATURAL GAS TRANS SYSTEM,,,eia_only,,,,no,,,,,,,,,202029332.0,202061816.0,62781.0,,,,,,,,,,,,,,,,,,,,,,,,,,,,,,,,,,,,,,,,,,,,,,,,,,,,,,
17695010NH,,,NH,2019,PORTLAND NATURAL GAS TRANS SYSTEM,PORTLAND NATURAL GAS TRANS SYSTEM,,,eia_only,,,,no,,,,,,,,,212156412.0,212227796.0,51004.0,,,,,,,,,,,,,,,,,,,,,,,,,,,,,,,,,,,,,,,,,,,,,,,,,,,,,,
17695010NH,,,NH,2020,PORTLAND NATURAL GAS TRANS SYSTEM,PORTLAND NATURAL GAS TRANS SYSTEM,,,eia_only,,,,no,,,,,,,,,211889509.0,211912302.0,45093.0,,,,,,,,,,,,,,,,,,,,,,,,,,,,,,,,,,,,,,,,,,,,,,,,,,,,,,
17695010NH,,,NH,2021,PORTLAND NATURAL GAS TRANS SYSTEM,PORTLAND NATURAL GAS TRANS SYSTEM,,,eia_only,,,,no,,,,,,,,,238650403.0,238739073.0,76434.0,,,,,,,,,,,,,,,,,,,,,,,,,,,,,,,,,,,,,,,,,,,,,,,,,,,,,,
17695010NH,,,NH,2022,PORTLAND NATURAL GAS TRANS SYSTEM,PORTLAND NATURAL GAS TRANS SYSTEM,,,eia_only,,,,no,,,,,,,,,277770466.0,277901161.0,87229.0,,,,,,,,,,,,,,,,,,,,,,,,,,,,,,,,,,,,,,,,,,,,,,,,,,,,,,
17695010NH,,,NH,2023,PORTLAND NATURAL GAS TRANS SYSTEM,PORTLAND NATURAL GAS TRANS SYSTEM,,,eia_only,,,,no,,,,,,,,,270913603.0,271020591.0,77548.0,,,,,,,,,,,,,,,,,,,,,,,,,,,,,,,,,,,,,,,,,,,,,,,,,,,,,,
17695010NH,,,NH,2024,PORTLAND NATURAL GAS TRANS SYSTEM,PORTLAND NATURAL GAS TRANS SYSTEM,,,eia_only,,,,no,,,,,,,,,328460773.0,328678459.0,105005.0,,,,,,,,,,,,,,,,,,,,,,,,,,,,,,,,,,,,,,,,,,,,,,,,,,,,,,
17616266NH,,,NH,1997,TENNESSEE GAS PIPELINE COMPANY,TENNESSEE GAS PIPELINE COMPANY,,,eia_only,,,,no,,,,,,,,,13882582.0,13791145.0,,,,,,,,,,,,,,,,,,,,,,,,,,,,,,,,,,,,,,,,,,,,,,,,,,,,,,,
17616266NH,,,NH,1998,TENNESSEE GAS PIPELINE COMPANY,TENNESSEE GAS PIPELINE COMPANY,,,eia_only,,,,no,,,,,,,,,12860586.0,12965123.0,,,,,,,,,,,,,,,,,,,,,,,,,,,,,,,,,,,,,,,,,,,,,,,,,,,,,,,
17616266NH,,,NH,1999,TENNESSEE GAS PIPELINE COMPANY,TENNESSEE GAS PIPELINE COMPANY,,,eia_only,,,,no,,,,,,,,,13879940.0,13819030.0,,,,,,,,,,,,,,,,,,,,,,,,,,,,,,,,,,,,,,,,,,,,,,,,,,,,,,,
17616266NH,,,NH,2000,TENNESSEE GAS PIPELINE COMPANY,TENNESSEE GAS PIPELINE COMPANY,,,eia_only,,,,no,,,,,,,,,15159193.0,15047085.0,,,,,,,,,,,,,,,,,,,,,,,,,,,,,,,,,,,,,,,,,,,,,,,,,,,,,,,
17616266NH,,,NH,2002,TENNESSEE GAS PIPELINE COMPANY,TENNESSEE GAS PIPELINE COMPANY,,,eia_only,,,,no,,,,,,,,,16494296.0,16472380.0,,,,,,,,,,,,,,,,,,,,,,,,,,,,,,,,,,,,,,,,,,,,,,,,,,,,,,,
17616266NH,,,NH,2003,TENNESSEE GAS PIPELINE COMPANY,TENNESSEE GAS PIPELINE COMPANY,,,eia_only,,,,no,,,,,,,,,30147325.0,30124785.0,,,,,,,,,,,,,,,,,,,,,,,,,,,,,,,,,,,,,,,,,,,,,,,,,,,,,,,
17616266NH,,,NH,2004,TENNESSEE GAS PIPELINE COMPANY,TENNESSEE GAS PIPELINE COMPANY,,,eia_only,,,,no,,,,,,,,,33437850.0,33410966.0,,,,,,,,,,,,,,,,,,,,,,,,,,,,,,,,,,,,,,,,,,,,,,,,,,,,,,,
17616266NH,,,NH,2005,TENNESSEE GAS PIPELINE COMPANY,TENNESSEE GAS PIPELINE COMPANY,,,eia_only,,,,no,,,,,,,,,42111054.0,42083822.0,,,,,,,,,,,,,,,,,,,,,,,,,,,,,,,,,,,,,,,,,,,,,,,,,,,,,,,
17616266NH,,,NH,2006,TENNESSEE GAS PIPELINE COMPANY,TENNESSEE GAS PIPELINE COMPANY,,,eia_only,,,,no,,,,,,,,,35292588.0,35272520.0,,,,,,,,,,,,,,,,,,,,,,,,,,,,,,,,,,,,,,,,,,,,,,,,,,,,,,,
17616266NH,,,NH,2007,TENNESSEE GAS PIPELINE COMPANY,TENNESSEE GAS PIPELINE COMPANY,,,eia_only,,,,no,,,,,,,,,33494256.0,33476455.0,,,,,,,,,,,,,,,,,,,,,,,,,,,,,,,,,,,,,,,,,,,,,,,,,,,,,,,
17616266NH,,,NH,2008,TENNESSEE GAS PIPELINE COMPANY,TENNESSEE GAS PIPELINE COMPANY,,,eia_only,,,,no,,,,,,,,,46028205.0,46021013.0,,,,,,,,,,,,,,,,,,,,,,,,,,,,,,,,,,,,,,,,,,,,,,,,,,,,,,,
17616266NH,,,NH,2009,TENNESSEE GAS PIPELINE COMPANY,TENNESSEE GAS PIPELINE COMPANY,,,eia_only,,,,no,,,,,,,,,42216760.0,42219810.0,,,,,,,,,,,,,,,,,,,,,,,,,,,,,,,,,,,,,,,,,,,,,,,,,,,,,,,
17616266NH,,,NH,2010,TENNESSEE GAS PIPELINE COMPANY,TENNESSEE GAS PIPELINE COMPANY,,,eia_only,,,,no,,,,,,,,,37296081.0,37298347.0,,,,,,,,,,,,,,,,,,,,,,,,,,,,,,,,,,,,,,,,,,,,,,,,,,,,,,,
17616266NH,,,NH,2011,TENNESSEE GAS PIPELINE COMPANY,TENNESSEE GAS PIPELINE COMPANY,,,eia_only,,,,no,,,,,,,,,41589154.0,41573382.0,,,,,,,,,,,,,,,,,,,,,,,,,,,,,,,,,,,,,,,,,,,,,,,,,,,,,,,
17616266NH,,,NH,2012,TENNESSEE GAS PIPELINE COMPANY,TENNESSEE GAS PIPELINE COMPANY,,,eia_only,,,,no,,,,,,,,,47905212.0,47882773.0,,,,,,,,,,,,,,,,,,,,,,,,,,,,,,,,,,,,,,,,,,,,,,,,,,,,,,,
17616266NH,,,NH,2013,TENNESSEE GAS PIPELINE COMPANY,TENNESSEE GAS PIPELINE COMPANY,,,eia_only,,,,no,,,,,,,,,40352364.0,40326456.0,,,,,,,,,,,,,,,,,,,,,,,,,,,,,,,,,,,,,,,,,,,,,,,,,,,,,,,
17616266NH,,,NH,2014,TENNESSEE GAS PIPELINE COMPANY,TENNESSEE GAS PIPELINE COMPANY,,,eia_only,,,,no,,,,,,,,,42265742.0,42221532.0,279.0,,,,,,,,,,,,,,,,,,,,,,,,,,,,,,,,,,,,,,,,,,,,,,,,,,,,,,
17616266NH,,,NH,2015,TENNESSEE GAS PIPELINE COMPANY,TENNESSEE GAS PIPELINE COMPANY,,,eia_only,,,,no,,,,,,,,,50642703.0,50621415.0,,,,,,,,,,,,,,,,,,,,,,,,,,,,,,,,,,,,,,,,,,,,,,,,,,,,,,,
17616266NH,,,NH,2016,TENNESSEE GAS PIPELINE COMPANY,TENNESSEE GAS PIPELINE COMPANY,,,eia_only,,,,no,,,,,,,,,40878126.0,40863504.0,95.0,,,,,,,,,,,,,,,,,,,,,,,,,,,,,,,,,,,,,,,,,,,,,,,,,,,,,,
17616266NH,,,NH,2017,TENNESSEE GAS PIPELINE COMPANY,TENNESSEE GAS PIPELINE COMPANY,,,eia_only,,,,no,,,,,,,,,37719448.0,37704539.0,34.0,,,,,,,,,,,,,,,,,,,,,,,,,,,,,,,,,,,,,,,,,,,,,,,,,,,,,,
17616266NH,,,NH,2018,TENNESSEE GAS PIPELINE COMPANY,TENNESSEE GAS PIPELINE COMPANY,,,eia_only,,,,no,,,,,,,,,33962608.0,33960914.0,179.0,,,,,,,,,,,,,,,,,,,,,,,,,,,,,,,,,,,,,,,,,,,,,,,,,,,,,,
17616266NH,,,NH,2019,TENNESSEE GAS PIPELINE COMPANY,TENNESSEE GAS PIPELINE COMPANY,,,eia_only,,,,no,,,,,,,,,40277234.0,40289370.0,207.0,,,,,,,,,,,,,,,,,,,,,,,,,,,,,,,,,,,,,,,,,,,,,,,,,,,,,,
17616266NH,,,NH,2020,TENNESSEE GAS PIPELINE COMPANY,TENNESSEE GAS PIPELINE COMPANY,,,eia_only,,,,no,,,,,,,,,39867645.0,39873334.0,295.0,,,,,,,,,,,,,,,,,,,,,,,,,,,,,,,,,,,,,,,,,,,,,,,,,,,,,,
17616266NH,,,NH,2021,TENNESSEE GAS PIPELINE COMPANY,TENNESSEE GAS PIPELINE COMPANY,,,eia_only,,,,no,,,,,,,,,42126712.0,42133592.0,60.0,,,,,,,,,,,,,,,,,,,,,,,,,,,,,,,,,,,,,,,,,,,,,,,,,,,,,,
17616266NH,,,NH,2022,TENNESSEE GAS PIPELINE COMPANY,TENNESSEE GAS PIPELINE COMPANY,,,eia_only,,,,no,,,,,,,,,36233619.0,36237096.0,29.0,,,,,,,,,,,,,,,,,,,,,,,,,,,,,,,,,,,,,,,,,,,,,,,,,,,,,,
17616266NH,,,NH,2023,TENNESSEE GAS PIPELINE COMPANY,TENNESSEE GAS PIPELINE COMPANY,,,eia_only,,,,no,,,,,,,,,39443751.0,39450056.0,30.0,,,,,,,,,,,,,,,,,,,,,,,,,,,,,,,,,,,,,,,,,,,,,,,,,,,,,,
17616266NH,,,NH,2024,TENNESSEE GAS PIPELINE COMPANY,TENNESSEE GAS PIPELINE COMPANY,,,eia_only,,,,no,,,,,,,,,31456035.0,31479906.0,21.0,,,,,,,,,,,,,,,,,,,,,,,,,,,,,,,,,,,,,,,,,,,,,,,,,,,,,,
,31665,NH,NH,2001,UNIVERSITY OF NEW HAMPSHIRE,,UNIVERSITY OF NEW HAMPSHIRE,nan,phmsa_only,primary,1,no,no,,,,,,,,,,,,2.0,41.0,0.0,0.0,0.0,0.0,2.0,0.0,0.0,,0.0,0.0,0.0,2.0,0.0,0.0,0.0,0.0,0.0,0.0,41.0,0.0,0.0,,0.0,0.0,0.0,,,,,,,,,,,,,,,,,,,,,,,,,,,0.0
,31665,NH,NH,2002,UNIVERSITY OF NEW HAMPSHIRE,,UNIVERSITY OF NEW HAMPSHIRE,nan,phmsa_only,primary,1,no,no,,,,,,,,,,,,2.0,41.0,0.0,0.0,0.0,0.0,2.0,0.0,0.0,,0.0,0.0,0.0,2.0,0.0,0.0,0.0,0.0,0.0,0.0,41.0,0.0,0.0,,0.0,0.0,0.0,,,,,,,,,,,,,,,,,,,,,,,,,,,0.0
,31665,NH,NH,2003,UNIVERSITY OF NEW HAMPSHIRE,,UNIVERSITY OF NEW HAMPSHIRE,nan,phmsa_only,primary,1,no,no,,,,,,,,,,,,2.0,42.0,0.0,0.0,0.0,2.0,0.0,0.0,0.0,,0.0,0.0,0.0,2.0,0.0,0.0,0.0,0.0,0.0,42.0,0.0,0.0,0.0,,0.0,0.0,0.0,,,,,,,,,,,,,,,,,,,,,,,,,,,0.0
,31665,NH,NH,2004,UNIVERSITY OF NEW HAMPSHIRE,,UNIVERSITY OF NEW HAMPSHIRE,nan,phmsa_only,primary,1,no,no,,,,,,,,,,,,2.0,42.0,0.0,0.0,0.0,0.0,2.0,0.0,0.0,,0.0,0.0,0.0,2.0,0.0,0.0,0.0,0.0,0.0,0.0,42.0,0.0,0.0,,0.0,0.0,0.0,0.0,0.0,0.0,0.0,0.0,0.0,0.0,2.0,0.0,,,2.0,0.0,0.0,0.0,0.0,0.0,0.0,0.0,37.0,5.0,,,42.0,,,0.0
,31665,NH,NH,2006,UNIVERSITY OF NEW HAMPSHIRE,,UNIVERSITY OF NEW HAMPSHIRE,nan,phmsa_only,primary,1,no,no,,,,,,,,,,,,2.0,46.0,0.0,0.0,0.0,0.0,2.0,0.0,0.0,,0.0,0.0,0.0,2.0,0.0,0.0,0.0,0.0,0.0,0.0,46.0,0.0,0.0,,0.0,0.0,0.0,0.0,0.0,0.0,0.0,0.0,0.0,0.0,2.0,0.0,,,2.0,0.0,0.0,0.0,0.0,0.0,0.0,0.0,37.0,9.0,,,46.0,,,0.0
,31665,NH,NH,2007,UNIVERSITY OF NEW HAMPSHIRE,,UNIVERSITY OF NEW HAMPSHIRE,nan,phmsa_only,primary,1,no,no,,,,,,,,,,,,2.0,45.0,0.0,0.0,0.0,0.0,2.0,0.0,0.0,,0.0,0.0,0.0,2.0,0.0,0.0,0.0,0.0,0.0,0.0,45.0,0.0,0.0,,0.0,0.0,0.0,0.0,0.0,0.0,0.0,0.0,0.0,0.0,2.0,0.0,,,2.0,0.0,0.0,0.0,0.0,0.0,0.0,0.0,35.0,10.0,,,45.0,,,0.0
,31665,NH,NH,2008,UNIVERSITY OF NEW HAMPSHIRE,,UNIVERSITY OF NEW HAMPSHIRE,nan,phmsa_only,primary,1,no,no,,,,,,,,,,,,2.0,46.0,0.0,0.0,0.0,0.0,2.0,0.0,0.0,,0.0,0.0,0.0,2.0,0.0,0.0,0.0,0.0,0.0,0.0,46.0,0.0,0.0,,0.0,0.0,0.0,0.0,0.0,0.0,0.0,0.0,0.0,0.0,2.0,0.0,,,2.0,0.0,0.0,0.0,0.0,0.0,0.0,0.0,34.0,12.0,,,46.0,,,0.0
,31665,NH,NH,2009,UNIVERSITY OF NEW HAMPSHIRE,,UNIVERSITY OF NEW HAMPSHIRE,nan,phmsa_only,primary,1,no,no,,,,,,,,,,,,2.0,49.0,0.0,0.0,0.0,0.0,2.0,0.0,0.0,,0.0,0.0,0.0,2.0,0.0,0.0,0.0,0.0,0.0,0.0,49.0,0.0,0.0,,0.0,0.0,0.0,0.0,0.0,0.0,0.0,0.0,0.0,0.0,2.0,0.0,,,2.0,0.0,0.0,0.0,0.0,0.0,0.0,0.0,34.0,15.0,,,49.0,,,0.0
,31665,NH,NH,2010,UNIVERSITY OF NEW HAMPSHIRE,,UNIVERSITY OF NEW HAMPSHIRE,nan,phmsa_only,primary,1,no,no,,,,,,,,,,,,2.137,49.0,0.0,0.0,0.0,0.0,2.137,0.0,0.0,,0.0,0.0,0.0,2.137,0.0,0.0,0.0,0.0,0.0,0.0,49.0,0.0,0.0,,0.0,0.0,0.0,0.0,0.0,0.0,0.0,0.0,0.0,0.0,2.0,0.137,0.0,,2.137,0.0,0.0,0.0,0.0,0.0,0.0,0.0,34.0,15.0,0.0,,49.0,0.0,263.0,0.0
,31665,NH,NH,2011,UNIVERSITY OF NEW HAMPSHIRE,,UNIVERSITY OF NEW HAMPSHIRE,nan,phmsa_only,primary,1,no,no,,,,,,,,,,,,3.81,61.0,0.0,0.0,0.0,0.1,3.71,0.0,0.0,,0.0,0.0,0.0,3.71,0.0,0.0,0.0,0.0,0.0,0.0,61.0,0.0,0.0,,0.0,0.0,0.0,0.31,0.0,0.0,0.0,0.0,0.0,0.0,3.1,0.25,0.15,,3.81,0.0,0.0,0.0,0.0,0.0,0.0,0.0,50.0,8.0,3.0,,61.0,0.0,227.0,0.0
,31665,NH,NH,2012,UNIVERSITY OF NEW HAMPSHIRE,,UNIVERSITY OF NEW HAMPSHIRE,nan,phmsa_only,primary,1,no,no,,,,,,,,,,,,3.74,61.0,0.0,0.0,0.0,0.09,3.65,0.0,0.0,,0.0,0.0,0.0,3.65,0.0,0.0,0.0,0.0,0.0,0.0,61.0,0.0,0.0,,0.0,0.0,0.0,0.16,0.0,0.0,0.0,0.0,0.0,0.0,3.0,0.45,0.13,,3.74,0.0,0.0,0.0,0.0,0.0,0.0,0.0,49.0,8.0,4.0,,61.0,0.0,1025.0,0.0
,31665,NH,NH,2013,UNIVERSITY OF NEW HAMPSHIRE,,UNIVERSITY OF NEW HAMPSHIRE,nan,phmsa_only,primary,1,no,no,,,,,,,,,,,,3.74,61.0,0.0,0.0,0.0,0.09,3.65,0.0,0.0,,0.0,0.0,0.0,3.65,0.0,0.0,0.0,0.0,0.0,0.0,61.0,0.0,0.0,,0.0,0.0,0.0,0.16,0.0,0.0,0.0,0.0,0.0,0.0,3.0,0.45,0.13,,3.74,0.0,0.0,0.0,0.0,0.0,0.0,0.0,49.0,8.0,4.0,,61.0,0.0,1004.0,0.0
,31665,NH,NH,2014,UNIVERSITY OF NEW HAMPSHIRE,,UNIVERSITY OF NEW HAMPSHIRE,nan,phmsa_only,primary,1,no,no,,,,,,,,,,,,3.74,65.0,0.0,0.0,0.0,0.09,3.65,0.0,0.0,,0.0,0.0,0.0,3.65,0.0,0.0,0.0,0.0,0.0,1.0,64.0,0.0,0.0,,0.0,0.0,0.0,0.16,0.0,0.0,0.0,0.0,0.0,0.0,3.0,0.45,0.13,,3.74,0.0,0.0,0.0,0.0,0.0,0.0,0.0,53.0,8.0,4.0,,65.0,0.0,1278.0,0.0
,31665,NH,NH,2015,UNIVERSITY OF NEW HAMPSHIRE,,UNIVERSITY OF NEW HAMPSHIRE,Municipal Owned,phmsa_only,primary,1,no,no,,,,,,,,,,,,3.74,60.0,0.0,0.0,0.0,0.09,3.65,0.0,0.0,,0.0,0.0,0.0,3.65,0.0,0.0,0.0,0.0,0.0,0.0,60.0,0.0,0.0,,0.0,0.0,0.0,0.16,0.0,0.0,0.0,0.0,0.0,0.0,3.0,0.45,0.13,,3.74,0.0,0.0,0.0,0.0,0.0,0.0,0.0,48.0,8.0,4.0,,60.0,0.0,1179.0,0.0
,31665,NH,NH,2016,UNIVERSITY OF NEW HAMPSHIRE,,UNIVERSITY OF NEW HAMPSHIRE,Privately Owned,phmsa_only,primary,1,no,no,,,,,,,,,,,,3.74,65.0,0.0,0.0,0.0,0.09,3.65,0.0,0.0,,0.0,0.0,0.0,3.65,0.0,0.0,0.0,0.0,0.0,1.0,64.0,0.0,0.0,,0.0,0.0,0.0,0.16,0.0,0.0,0.0,0.0,0.0,0.0,3.0,0.45,0.13,,3.74,0.0,0.0,0.0,0.0,0.0,0.0,0.0,53.0,8.0,4.0,,65.0,0.0,1140.0,0.0
,31665,NH,NH,2017,UNIVERSITY OF NEW HAMPSHIRE,,UNIVERSITY OF NEW HAMPSHIRE,Privately Owned,phmsa_only,primary,1,no,no,,,,,,,,,,,,3.74,66.0,0.0,0.0,0.0,0.09,3.65,0.0,0.0,,0.0,0.0,0.0,3.65,0.0,0.0,0.0,0.0,0.0,1.0,65.0,0.0,0.0,,0.0,0.0,0.0,0.16,0.0,0.0,0.0,0.0,0.0,0.0,3.0,0.45,0.13,,3.74,0.0,0.0,0.0,1.0,0.0,0.0,0.0,49.0,8.0,8.0,,66.0,0.0,1437.0,0.0
,31665,NH,NH,2018,UNIVERSITY OF NEW HAMPSHIRE,,UNIVERSITY OF NEW HAMPSHIRE,Privately Owned,phmsa_only,primary,1,no,no,,,,,,,,,,,,3.74,66.0,0.0,0.0,0.0,0.09,3.65,0.0,0.0,0.0,0.0,0.0,0.0,3.65,0.0,0.0,0.0,0.0,0.0,1.0,65.0,0.0,0.0,0.0,0.0,0.0,0.0,0.16,0.0,0.0,0.0,0.0,0.0,0.0,3.0,0.45,0.13,,3.74,0.0,0.0,0.0,1.0,0.0,0.0,0.0,49.0,8.0,8.0,,66.0,0.0,944.0,0.0
,31665,NH,NH,2019,UNIVERSITY OF NEW HAMPSHIRE,,UNIVERSITY OF NEW HAMPSHIRE,Privately Owned,phmsa_only,primary,1,no,no,,,,,,,,,,,,3.66,65.0,0.0,0.0,0.0,0.09,3.57,0.0,0.0,0.0,0.0,0.0,0.0,3.57,0.0,0.0,0.0,0.0,0.0,1.0,64.0,0.0,0.0,0.0,0.0,0.0,0.0,0.16,0.0,0.0,0.0,0.0,0.0,0.0,2.66,0.44,0.32,,3.58,0.0,0.0,0.0,1.0,0.0,0.0,0.0,45.0,8.0,11.0,,65.0,0.0,1119.0,0.0
,31665,NH,NH,2020,UNIVERSITY OF NEW HAMPSHIRE,,UNIVERSITY OF NEW HAMPSHIRE,Privately Owned,phmsa_only,primary,1,no,no,,,,,,,,,,,,3.29,66.0,0.0,0.0,0.0,0.03,3.26,0.0,0.0,0.0,0.0,0.0,0.0,3.26,0.0,0.0,0.0,0.0,0.0,1.0,65.0,0.0,0.0,0.0,0.0,0.0,0.0,0.15,0.0,0.0,0.0,0.0,0.0,0.0,2.3,0.45,0.32,0.07,3.29,0.0,0.0,0.0,1.0,0.0,0.0,0.0,45.0,8.0,11.0,1.0,66.0,0.0,976.0,0.0
,31665,NH,NH,2021,UNIVERSITY OF NEW HAMPSHIRE,,UNIVERSITY OF NEW HAMPSHIRE,Privately Owned,phmsa_only,primary,1,no,no,,,,,,,,,,,,3.36,66.0,0.0,0.0,0.0,0.03,3.33,0.0,0.0,0.0,0.0,0.0,0.0,3.33,0.0,0.0,0.0,0.0,0.0,1.0,65.0,0.0,0.0,0.0,0.0,0.0,0.0,0.15,0.0,0.0,0.0,0.0,0.0,0.0,2.35,0.45,0.34,0.07,3.36,0.0,0.0,0.0,1.0,0.0,0.0,0.0,44.0,8.0,10.0,3.0,66.0,0.0,1002.0,0.0
,31665,NH,NH,2022,UNIVERSITY OF NEW HAMPSHIRE,,UNIVERSITY OF NEW HAMPSHIRE,Privately Owned,phmsa_only,primary,1,no,no,,,,,,,,,,,,3.36,66.0,0.0,0.0,0.0,0.03,3.33,0.0,0.0,0.0,0.0,0.0,0.0,3.33,0.0,0.0,0.0,0.0,0.0,1.0,65.0,0.0,0.0,0.0,0.0,0.0,0.0,0.15,0.0,0.0,0.0,0.0,0.0,0.0,2.35,0.45,0.34,0.07,3.36,0.0,0.0,0.0,1.0,0.0,0.0,0.0,44.0,8.0,10.0,3.0,66.0,0.0,1087.0,0.0
,31665,NH,NH,2023,UNIVERSITY OF NEW HAMPSHIRE,,UNIVERSITY OF NEW HAMPSHIRE,Privately Owned,phmsa_only,primary,1,no,no,,,,,,,,,,,,3.32,65.0,0.0,0.0,0.0,0.05,3.27,0.0,0.0,0.0,0.0,0.0,0.0,3.27,0.0,0.0,0.0,0.0,0.0,1.0,64.0,0.0,0.0,0.0,0.0,0.0,0.0,0.15,0.0,0.0,0.0,0.0,0.0,0.0,2.26,0.43,0.34,0.15,3.33,0.0,0.0,0.0,1.0,0.0,0.0,0.0,42.0,8.0,9.0,5.0,65.0,0.0,1150.0,0.0
,31665,NH,NH,2024,UNIVERSITY OF NEW HAMPSHIRE,,UNIVERSITY OF NEW HAMPSHIRE,Privately Owned,phmsa_only,primary,1,no,no,,,,,,,,,,,,3.33,66.0,0.0,0.0,0.0,0.05,3.28,0.0,0.0,0.0,0.0,0.0,0.0,3.28,0.0,0.0,0.0,0.0,0.0,1.0,65.0,0.0,0.0,0.0,0.0,0.0,0.0,0.15,0.0,0.0,0.0,0.0,0.0,0.0,2.26,0.43,0.34,0.16,3.34,0.0,0.0,0.0,1.0,0.0,0.0,0.0,42.0,8.0,9.0,6.0,66.0,0.0,940.0,0.0
